hierarchy;SIDC;icon-png;icon-svg
1.X.1;S*P*------;1.X.1.png;1.X.1.svg
1.X.1.1;S*P*S-----;1.X.1.1.png;1.X.1.1.svg
1.X.1.2;S*P*V-----;1.X.1.2.png;1.X.1.2.svg
1.X.1.3;S*P*T-----;1.X.1.3.png;1.X.1.3.svg
1.X.2;S*A*------;1.X.2.png;1.X.2.svg
1.X.2.1;S*A*M-----;1.X.2.1.png;1.X.2.1.svg
1.X.2.1.1;S*A*MF----;1.X.2.1.1.png;1.X.2.1.1.svg
1.X.2.1.1.1;S*A*MFB---;1.X.2.1.1.1.png;1.X.2.1.1.1.svg
1.X.2.1.1.2;S*A*MFF---;1.X.2.1.1.2.png;1.X.2.1.1.2.svg
1.X.2.1.1.2.1;S*A*MFFI--;1.X.2.1.1.2.1.png;1.X.2.1.1.2.1.svg
1.X.2.1.1.3;S*A*MFT---;1.X.2.1.1.3.png;1.X.2.1.1.3.svg
1.X.2.1.1.4;S*A*MFA---;1.X.2.1.1.4.png;1.X.2.1.1.4.svg
1.X.2.1.1.5;S*A*MFL---;1.X.2.1.1.5.png;1.X.2.1.1.5.svg
1.X.2.1.1.6;S*A*MFK---;1.X.2.1.1.6.png;1.X.2.1.1.6.svg
1.X.2.1.1.7;S*A*MFC---;1.X.2.1.1.7.png;1.X.2.1.1.7.svg
1.X.2.1.1.7.1;S*A*MFCL--;1.X.2.1.1.7.1.png;1.X.2.1.1.7.1.svg
1.X.2.1.1.7.2;S*A*MFCM--;1.X.2.1.1.7.2.png;1.X.2.1.1.7.2.svg
1.X.2.1.1.7.3;S*A*MFCH--;1.X.2.1.1.7.3.png;1.X.2.1.1.7.3.svg
1.X.2.1.1.8;S*A*MFJ---;1.X.2.1.1.8.png;1.X.2.1.1.8.svg
1.X.2.1.1.9;S*A*MFO---;1.X.2.1.1.9.png;1.X.2.1.1.9.svg
1.X.2.1.1.10;S*A*MFR---;1.X.2.1.1.10.png;1.X.2.1.1.10.svg
1.X.2.1.1.10.1;S*A*MFRW--;1.X.2.1.1.10.1.png;1.X.2.1.1.10.1.svg
1.X.2.1.1.10.2;S*A*MFRZ--;1.X.2.1.1.10.2.png;1.X.2.1.1.10.2.svg
1.X.2.1.1.10.3;S*A*MFRX--;1.X.2.1.1.10.3.png;1.X.2.1.1.10.3.svg
1.X.2.1.1.11;S*A*MFP---;1.X.2.1.1.11.png;1.X.2.1.1.11.svg
1.X.2.1.1.11.1;S*A*MFPN--;1.X.2.1.1.11.1.png;1.X.2.1.1.11.1.svg
1.X.2.1.1.11.2;S*A*MFPM--;1.X.2.1.1.11.2.png;1.X.2.1.1.11.2.svg
1.X.2.1.1.12;S*A*MFU---;1.X.2.1.1.12.png;1.X.2.1.1.12.svg
1.X.2.1.1.12.1;S*A*MFUL--;1.X.2.1.1.12.1.png;1.X.2.1.1.12.1.svg
1.X.2.1.1.12.2;S*A*MFUM--;1.X.2.1.1.12.2.png;1.X.2.1.1.12.2.svg
1.X.2.1.1.12.3;S*A*MFUH--;1.X.2.1.1.12.3.png;1.X.2.1.1.12.3.svg
1.X.2.1.1.13;S*A*MFY---;1.X.2.1.1.13.png;1.X.2.1.1.13.svg
1.X.2.1.1.14;S*A*MFH---;1.X.2.1.1.14.png;1.X.2.1.1.14.svg
1.X.2.1.1.15;S*A*MFD---;1.X.2.1.1.15.png;1.X.2.1.1.15.svg
1.X.2.1.1.16;S*A*MFQ---;1.X.2.1.1.16.png;1.X.2.1.1.16.svg
1.X.2.1.1.17;S*A*MFS---;1.X.2.1.1.17.png;1.X.2.1.1.17.svg
1.X.2.1.1.18;S*A*MFM---;1.X.2.1.1.18.png;1.X.2.1.1.18.svg
1.X.2.1.2;S*A*MH----;1.X.2.1.2.png;1.X.2.1.2.svg
1.X.2.1.2.1;S*A*MHA---;1.X.2.1.2.1.png;1.X.2.1.2.1.svg
1.X.2.1.2.2;S*A*MHS---;1.X.2.1.2.2.png;1.X.2.1.2.2.svg
1.X.2.1.2.3;S*A*MHU---;1.X.2.1.2.3.png;1.X.2.1.2.3.svg
1.X.2.1.2.3.1;S*A*MHUL--;1.X.2.1.2.3.1.png;1.X.2.1.2.3.1.svg
1.X.2.1.2.3.2;S*A*MHUM--;1.X.2.1.2.3.2.png;1.X.2.1.2.3.2.svg
1.X.2.1.2.3.3;S*A*MHUH--;1.X.2.1.2.3.3.png;1.X.2.1.2.3.3.svg
1.X.2.1.2.4;S*A*MHI---;1.X.2.1.2.4.png;1.X.2.1.2.4.svg
1.X.2.1.2.5;S*A*MHH---;1.X.2.1.2.5.png;1.X.2.1.2.5.svg
1.X.2.1.2.6;S*A*MHR---;1.X.2.1.2.6.png;1.X.2.1.2.6.svg
1.X.2.1.2.7;S*A*MHQ---;1.X.2.1.2.7.png;1.X.2.1.2.7.svg
1.X.2.1.2.8;S*A*MHC---;1.X.2.1.2.8.png;1.X.2.1.2.8.svg
1.X.2.1.2.8.1;S*A*MHCL--;1.X.2.1.2.8.1.png;1.X.2.1.2.8.1.svg
1.X.2.1.2.8.2;S*A*MHCM--;1.X.2.1.2.8.2.png;1.X.2.1.2.8.2.svg
1.X.2.1.2.8.3;S*A*MHCH--;1.X.2.1.2.8.3.png;1.X.2.1.2.8.3.svg
1.X.2.1.2.9;S*A*MHT---;1.X.2.1.2.9.png;1.X.2.1.2.9.svg
1.X.2.1.2.10;S*A*MHO---;1.X.2.1.2.10.png;1.X.2.1.2.10.svg
1.X.2.1.2.11;S*A*MHM---;1.X.2.1.2.11.png;1.X.2.1.2.11.svg
1.X.2.1.2.12;S*A*MHD---;1.X.2.1.2.12.png;1.X.2.1.2.12.svg
1.X.2.1.2.13;S*A*MHK---;1.X.2.1.2.13.png;1.X.2.1.2.13.svg
1.X.2.1.2.14;S*A*MHJ---;1.X.2.1.2.14.png;1.X.2.1.2.14.svg
1.X.2.1.3;S*A*ML----;1.X.2.1.3.png;1.X.2.1.3.svg
1.X.2.2;S*A*W-----;1.X.2.2.png;1.X.2.2.svg
1.X.2.2.1;S*A*WM----;1.X.2.2.1.png;1.X.2.2.1.svg
1.X.2.2.1.1;S*A*WMS---;1.X.2.2.1.1.png;1.X.2.2.1.1.svg
1.X.2.2.1.1.1;S*A*WMSS--;1.X.2.2.1.1.1.png;1.X.2.2.1.1.1.svg
1.X.2.2.1.1.2;S*A*WMSA--;1.X.2.2.1.1.2.png;1.X.2.2.1.1.2.svg
1.X.2.2.1.2;S*A*WMA---;1.X.2.2.1.2.png;1.X.2.2.1.2.svg
1.X.2.2.1.2.1;S*A*WMAS--;1.X.2.2.1.2.1.png;1.X.2.2.1.2.1.svg
1.X.2.2.1.2.2;S*A*WMAA--;1.X.2.2.1.2.2.png;1.X.2.2.1.2.2.svg
1.X.2.2.1.3;S*A*WMU---;1.X.2.2.1.3.png;1.X.2.2.1.3.svg
1.X.2.2.1.4;S*A*WML---;1.X.2.2.1.4.png;1.X.2.2.1.4.svg
1.X.2.2.2;S*A*WD----;1.X.2.2.2.png;1.X.2.2.2.svg
1.X.2.3;S*A*C-----;1.X.2.3.png;1.X.2.3.svg
1.X.2.3.1;S*A*CF----;1.X.2.3.1.png;1.X.2.3.1.svg
1.X.2.3.2;S*A*CH----;1.X.2.3.2.png;1.X.2.3.2.svg
1.X.2.3.3;S*A*CL----;1.X.2.3.3.png;1.X.2.3.3.svg
1.X.3;S*G*------;1.X.3.png;1.X.3.svg
1.X.3.1;S*G*U-----;1.X.3.1.png;1.X.3.1.svg
1.X.3.1.1;S*G*UC----;1.X.3.1.1.png;1.X.3.1.1.svg
1.X.3.1.1.1;S*G*UCD---;1.X.3.1.1.1.png;1.X.3.1.1.1.svg
1.X.3.1.1.1.1;S*G*UCDS--;1.X.3.1.1.1.1.png;1.X.3.1.1.1.1.svg
1.X.3.1.1.1.1.1;S*G*UCDS--;1.X.3.1.1.1.1.1.png;1.X.3.1.1.1.1.1.svg
1.X.3.1.1.1.1.2;S*G*UCDS--;1.X.3.1.1.1.1.2.png;1.X.3.1.1.1.1.2.svg
1.X.3.1.1.1.2;S*G*UCDM--;1.X.3.1.1.1.2.png;1.X.3.1.1.1.2.svg
1.X.3.1.1.1.2.1;S*G*UCDML-;1.X.3.1.1.1.2.1.png;1.X.3.1.1.1.2.1.svg
1.X.3.1.1.1.2.1.1;S*G*UCDMLA;1.X.3.1.1.1.2.1.1.png;1.X.3.1.1.1.2.1.1.svg
1.X.3.1.1.1.2.2;S*G*UCDMM-;1.X.3.1.1.1.2.2.png;1.X.3.1.1.1.2.2.svg
1.X.3.1.1.1.2.3;S*G*UCDMH-;1.X.3.1.1.1.2.3.png;1.X.3.1.1.1.2.3.svg
1.X.3.1.1.1.2.4;S*G*UCDH--;1.X.3.1.1.1.2.4.png;1.X.3.1.1.1.2.4.svg
1.X.3.1.1.1.3;S*G*UCDG--;1.X.3.1.1.1.3.png;1.X.3.1.1.1.3.svg
1.X.3.1.1.1.4;S*G*UCDC--;1.X.3.1.1.1.4.png;1.X.3.1.1.1.4.svg
1.X.3.1.1.1.5;S*G*UCDT--;1.X.3.1.1.1.5.png;1.X.3.1.1.1.5.svg
1.X.3.1.1.1.6;S*G*UCDO--;1.X.3.1.1.1.6.png;1.X.3.1.1.1.6.svg
1.X.3.1.1.2;S*G*UCA---;1.X.3.1.1.2.png;1.X.3.1.1.2.svg
1.X.3.1.1.2.1;S*G*UCAT--;1.X.3.1.1.2.1.png;1.X.3.1.1.2.1.svg
1.X.3.1.1.2.1.1;S*G*UCATA-;1.X.3.1.1.2.1.1.png;1.X.3.1.1.2.1.1.svg
1.X.3.1.1.2.1.2;S*G*UCATW-;1.X.3.1.1.2.1.2.png;1.X.3.1.1.2.1.2.svg
1.X.3.1.1.2.1.2.1;S*G*UCATWR;1.X.3.1.1.2.1.2.1.png;1.X.3.1.1.2.1.2.1.svg
1.X.3.1.1.2.1.3;S*G*UCATL-;1.X.3.1.1.2.1.3.png;1.X.3.1.1.2.1.3.svg
1.X.3.1.1.2.1.4;S*G*UCATM-;1.X.3.1.1.2.1.4.png;1.X.3.1.1.2.1.4.svg
1.X.3.1.1.2.1.5;S*G*UCATH-;1.X.3.1.1.2.1.5.png;1.X.3.1.1.2.1.5.svg
1.X.3.1.1.2.1.6;S*G*UCATR-;1.X.3.1.1.2.1.6.png;1.X.3.1.1.2.1.6.svg
1.X.3.1.1.2.2;S*G*UCAW--;1.X.3.1.1.2.2.png;1.X.3.1.1.2.2.svg
1.X.3.1.1.2.2.1;S*G*UCAWS-;1.X.3.1.1.2.2.1.png;1.X.3.1.1.2.2.1.svg
1.X.3.1.1.2.2.2;S*G*UCAWA-;1.X.3.1.1.2.2.2.png;1.X.3.1.1.2.2.2.svg
1.X.3.1.1.2.2.3;S*G*UCAWA-;1.X.3.1.1.2.2.3.png;1.X.3.1.1.2.2.3.svg
1.X.3.1.1.2.2.4;S*G*UCAWL-;1.X.3.1.1.2.2.4.png;1.X.3.1.1.2.2.4.svg
1.X.3.1.1.2.2.5;S*G*UCAWM-;1.X.3.1.1.2.2.5.png;1.X.3.1.1.2.2.5.svg
1.X.3.1.1.2.2.6;S*G*UCAWH-;1.X.3.1.1.2.2.6.png;1.X.3.1.1.2.2.6.svg
1.X.3.1.1.2.2.7;S*G*UCAWR-;1.X.3.1.1.2.2.7.png;1.X.3.1.1.2.2.7.svg
1.X.3.1.1.3;S*G*UCAA--;1.X.3.1.1.3.png;1.X.3.1.1.3.svg
1.X.3.1.1.3.1;S*G*UCAAD-;1.X.3.1.1.3.1.png;1.X.3.1.1.3.1.svg
1.X.3.1.1.3.2;S*G*UCAAL-;1.X.3.1.1.3.2.png;1.X.3.1.1.3.2.svg
1.X.3.1.1.3.3;S*G*UCAAM-;1.X.3.1.1.3.3.png;1.X.3.1.1.3.3.svg
1.X.3.1.1.3.4;S*G*UCAAS-;1.X.3.1.1.3.4.png;1.X.3.1.1.3.4.svg
1.X.3.1.1.3.5;S*G*UCAAU-;1.X.3.1.1.3.5.png;1.X.3.1.1.3.5.svg
1.X.3.1.1.3.6;S*G*UCAAC-;1.X.3.1.1.3.6.png;1.X.3.1.1.3.6.svg
1.X.3.1.1.3.7;S*G*UCAAA-;1.X.3.1.1.3.7.png;1.X.3.1.1.3.7.svg
1.X.3.1.1.3.7.1;S*G*UCAAAT;1.X.3.1.1.3.7.1.png;1.X.3.1.1.3.7.1.svg
1.X.3.1.1.3.7.2;S*G*UCAAAW;1.X.3.1.1.3.7.2.png;1.X.3.1.1.3.7.2.svg
1.X.3.1.1.3.7.3;S*G*UCAAAS;1.X.3.1.1.3.7.3.png;1.X.3.1.1.3.7.3.svg
1.X.3.1.1.3.8;S*G*UCAAO-;1.X.3.1.1.3.8.png;1.X.3.1.1.3.8.svg
1.X.3.1.1.3.8.1;S*G*UCAAOS;1.X.3.1.1.3.8.1.png;1.X.3.1.1.3.8.1.svg
1.X.3.1.1.4;S*G*UCV---;1.X.3.1.1.4.png;1.X.3.1.1.4.svg
1.X.3.1.1.4.1;S*G*UCVF--;1.X.3.1.1.4.1.png;1.X.3.1.1.4.1.svg
1.X.3.1.1.4.1.1;S*G*UCVFU-;1.X.3.1.1.4.1.1.png;1.X.3.1.1.4.1.1.svg
1.X.3.1.1.4.1.2;S*G*UCVFA-;1.X.3.1.1.4.1.2.png;1.X.3.1.1.4.1.2.svg
1.X.3.1.1.4.1.2.1;S*G*UCVUTP;1.X.3.1.1.4.1.2.1.png;1.X.3.1.1.4.1.2.1.svg
1.X.3.1.1.4.1.2.2;S*G*UCVUFC;1.X.3.1.1.4.1.2.2.png;1.X.3.1.1.4.1.2.2.svg
1.X.3.1.1.4.1.3;S*G*UCVFR-;1.X.3.1.1.4.1.3.png;1.X.3.1.1.4.1.3.svg
1.X.3.1.1.4.2;S*G*UCVR--;1.X.3.1.1.4.2.png;1.X.3.1.1.4.2.svg
1.X.3.1.1.4.2.1;S*G*UCVRA-;1.X.3.1.1.4.2.1.png;1.X.3.1.1.4.2.1.svg
1.X.3.1.1.4.2.2;S*G*UCVRS-;1.X.3.1.1.4.2.2.png;1.X.3.1.1.4.2.2.svg
1.X.3.1.1.4.2.3;S*G*UCVRW-;1.X.3.1.1.4.2.3.png;1.X.3.1.1.4.2.3.svg
1.X.3.1.1.4.2.4;S*G*UCVRU-;1.X.3.1.1.4.2.4.png;1.X.3.1.1.4.2.4.svg
1.X.3.1.1.4.2.4.1;S*G*UCVRUL;1.X.3.1.1.4.2.4.1.png;1.X.3.1.1.4.2.4.1.svg
1.X.3.1.1.4.2.4.2;S*G*UCVRUM;1.X.3.1.1.4.2.4.2.png;1.X.3.1.1.4.2.4.2.svg
1.X.3.1.1.4.2.4.3;S*G*UCVRUH;1.X.3.1.1.4.2.4.3.png;1.X.3.1.1.4.2.4.3.svg
1.X.3.1.1.4.2.5;S*G*UCVRUC;1.X.3.1.1.4.2.5.png;1.X.3.1.1.4.2.5.svg
1.X.3.1.1.4.2.6;S*G*UCVRUE;1.X.3.1.1.4.2.6.png;1.X.3.1.1.4.2.6.svg
1.X.3.1.1.4.2.7;S*G*UCVRM-;1.X.3.1.1.4.2.7.png;1.X.3.1.1.4.2.7.svg
1.X.3.1.1.4.3;S*G*UCVS--;1.X.3.1.1.4.3.png;1.X.3.1.1.4.3.svg
1.X.3.1.1.4.4;S*G*UCVC--;1.X.3.1.1.4.4.png;1.X.3.1.1.4.4.svg
1.X.3.1.1.4.5;S*G*UCVV--;1.X.3.1.1.4.5.png;1.X.3.1.1.4.5.svg
1.X.3.1.1.4.6;S*G*UCVU--;1.X.3.1.1.4.6.png;1.X.3.1.1.4.6.svg
1.X.3.1.1.4.6.1;S*G*UCVUF-;1.X.3.1.1.4.6.1.png;1.X.3.1.1.4.6.1.svg
1.X.3.1.1.4.6.1.1;S*G*UCVU--;1.X.3.1.1.4.6.1.1.png;1.X.3.1.1.4.6.1.1.svg
1.X.3.1.1.4.6.1.2;S*G*UCVU--;1.X.3.1.1.4.6.1.2.png;1.X.3.1.1.4.6.1.2.svg
1.X.3.1.1.4.6.1.3;S*G*UCVU--;1.X.3.1.1.4.6.1.3.png;1.X.3.1.1.4.6.1.3.svg
1.X.3.1.1.4.6.2;S*G*UCVUR-;1.X.3.1.1.4.6.2.png;1.X.3.1.1.4.6.2.svg
1.X.3.1.1.4.6.3;S*G*UCVUTP;1.X.3.1.1.4.6.3.png;1.X.3.1.1.4.6.3.svg
1.X.3.1.1.4.6.4;S*G*UCVUFC;1.X.3.1.1.4.6.4.png;1.X.3.1.1.4.6.4.svg
1.X.3.1.1.5;S*G*UCI---;1.X.3.1.1.5.png;1.X.3.1.1.5.svg
1.X.3.1.1.5.1;S*G*UCIL--;1.X.3.1.1.5.1.png;1.X.3.1.1.5.1.svg
1.X.3.1.1.5.2;S*G*UCIM--;1.X.3.1.1.5.2.png;1.X.3.1.1.5.2.svg
1.X.3.1.1.5.3;S*G*UCIO--;1.X.3.1.1.5.3.png;1.X.3.1.1.5.3.svg
1.X.3.1.1.5.4;S*G*UCIA--;1.X.3.1.1.5.4.png;1.X.3.1.1.5.4.svg
1.X.3.1.1.5.5;S*G*UCIS--;1.X.3.1.1.5.5.png;1.X.3.1.1.5.5.svg
1.X.3.1.1.5.6;S*G*UCIZ--;1.X.3.1.1.5.6.png;1.X.3.1.1.5.6.svg
1.X.3.1.1.5.7;S*G*UCIN--;1.X.3.1.1.5.7.png;1.X.3.1.1.5.7.svg
1.X.3.1.1.5.8;S*G*UCII--;1.X.3.1.1.5.8.png;1.X.3.1.1.5.8.svg
1.X.3.1.1.5.9;S*G*UCIC--;1.X.3.1.1.5.9.png;1.X.3.1.1.5.9.svg
1.X.3.1.1.5.10;S*G*UCIC--;1.X.3.1.1.5.10.png;1.X.3.1.1.5.10.svg
1.X.3.1.1.6;S*G*UCE---;1.X.3.1.1.6.png;1.X.3.1.1.6.svg
1.X.3.1.1.6.1;S*G*UCEC--;1.X.3.1.1.6.1.png;1.X.3.1.1.6.1.svg
1.X.3.1.1.6.1.1;S*G*UCECS-;1.X.3.1.1.6.1.1.png;1.X.3.1.1.6.1.1.svg
1.X.3.1.1.6.1.2;S*G*UCECA-;1.X.3.1.1.6.1.2.png;1.X.3.1.1.6.1.2.svg
1.X.3.1.1.6.1.3;S*G*UCECC-;1.X.3.1.1.6.1.3.png;1.X.3.1.1.6.1.3.svg
1.X.3.1.1.6.1.4;S*G*UCECL-;1.X.3.1.1.6.1.4.png;1.X.3.1.1.6.1.4.svg
1.X.3.1.1.6.1.5;S*G*UCECM-;1.X.3.1.1.6.1.5.png;1.X.3.1.1.6.1.5.svg
1.X.3.1.1.6.1.6;S*G*UCECH-;1.X.3.1.1.6.1.6.png;1.X.3.1.1.6.1.6.svg
1.X.3.1.1.6.1.7;S*G*UCECT-;1.X.3.1.1.6.1.7.png;1.X.3.1.1.6.1.7.svg
1.X.3.1.1.6.1.8;S*G*UCECW-;1.X.3.1.1.6.1.8.png;1.X.3.1.1.6.1.8.svg
1.X.3.1.1.6.1.9;S*G*UCECO-;1.X.3.1.1.6.1.9.png;1.X.3.1.1.6.1.9.svg
1.X.3.1.1.6.1.10;S*G*UCECR-;1.X.3.1.1.6.1.10.png;1.X.3.1.1.6.1.10.svg
1.X.3.1.1.6.1.11;S*G*UCEC--;1.X.3.1.1.6.1.11.png;1.X.3.1.1.6.1.11.svg
1.X.3.1.1.6.1.12;S*G*UCEC--;1.X.3.1.1.6.1.12.png;1.X.3.1.1.6.1.12.svg
1.X.3.1.1.6.1.13;S*G*UCEC--;1.X.3.1.1.6.1.13.png;1.X.3.1.1.6.1.13.svg
1.X.3.1.1.6.1.14;S*G*UCEC--;1.X.3.1.1.6.1.14.png;1.X.3.1.1.6.1.14.svg
1.X.3.1.1.6.2;S*G*UCEN--;1.X.3.1.1.6.2.png;1.X.3.1.1.6.2.svg
1.X.3.1.1.6.2.1;S*G*UCENN-;1.X.3.1.1.6.2.1.png;1.X.3.1.1.6.2.1.svg
1.X.3.1.1.7;S*G*UCF---;1.X.3.1.1.7.png;1.X.3.1.1.7.svg
1.X.3.1.1.7.1;S*G*UCFH--;1.X.3.1.1.7.1.png;1.X.3.1.1.7.1.svg
1.X.3.1.1.7.1.1;S*G*UCFHE-;1.X.3.1.1.7.1.1.png;1.X.3.1.1.7.1.1.svg
1.X.3.1.1.7.1.2;S*G*UCFHS-;1.X.3.1.1.7.1.2.png;1.X.3.1.1.7.1.2.svg
1.X.3.1.1.7.1.3;S*G*UCFHA-;1.X.3.1.1.7.1.3.png;1.X.3.1.1.7.1.3.svg
1.X.3.1.1.7.1.4;S*G*UCFHC-;1.X.3.1.1.7.1.4.png;1.X.3.1.1.7.1.4.svg
1.X.3.1.1.7.1.5;S*G*UCFHO-;1.X.3.1.1.7.1.5.png;1.X.3.1.1.7.1.5.svg
1.X.3.1.1.7.1.6;S*G*UCFHL-;1.X.3.1.1.7.1.6.png;1.X.3.1.1.7.1.6.svg
1.X.3.1.1.7.1.7;S*G*UCFHM-;1.X.3.1.1.7.1.7.png;1.X.3.1.1.7.1.7.svg
1.X.3.1.1.7.1.8;S*G*UCFHH-;1.X.3.1.1.7.1.8.png;1.X.3.1.1.7.1.8.svg
1.X.3.1.1.7.1.9;S*G*UCFHX-;1.X.3.1.1.7.1.9.png;1.X.3.1.1.7.1.9.svg
1.X.3.1.1.7.2;S*G*UCFR--;1.X.3.1.1.7.2.png;1.X.3.1.1.7.2.svg
1.X.3.1.1.7.2.1;S*G*UCFRS-;1.X.3.1.1.7.2.1.png;1.X.3.1.1.7.2.1.svg
1.X.3.1.1.7.2.1.1;S*G*UCFRSS;1.X.3.1.1.7.2.1.1.png;1.X.3.1.1.7.2.1.1.svg
1.X.3.1.1.7.2.1.2;S*G*UCFRSR;1.X.3.1.1.7.2.1.2.png;1.X.3.1.1.7.2.1.2.svg
1.X.3.1.1.7.2.1.3;S*G*UCFRST;1.X.3.1.1.7.2.1.3.png;1.X.3.1.1.7.2.1.3.svg
1.X.3.1.1.7.2.2;S*G*UCFRM-;1.X.3.1.1.7.2.2.png;1.X.3.1.1.7.2.2.svg
1.X.3.1.1.7.2.2.1;S*G*UCFRMS;1.X.3.1.1.7.2.2.1.png;1.X.3.1.1.7.2.2.1.svg
1.X.3.1.1.7.2.2.2;S*G*UCFRMR;1.X.3.1.1.7.2.2.2.png;1.X.3.1.1.7.2.2.2.svg
1.X.3.1.1.7.2.2.3;S*G*UCFRMT;1.X.3.1.1.7.2.2.3.png;1.X.3.1.1.7.2.2.3.svg
1.X.3.1.1.7.3;S*G*UCFT--;1.X.3.1.1.7.3.png;1.X.3.1.1.7.3.svg
1.X.3.1.1.7.3.1;S*G*UCFTR-;1.X.3.1.1.7.3.1.png;1.X.3.1.1.7.3.1.svg
1.X.3.1.1.7.3.2;S*G*UCFTS-;1.X.3.1.1.7.3.2.png;1.X.3.1.1.7.3.2.svg
1.X.3.1.1.7.3.3;S*G*UCFTF-;1.X.3.1.1.7.3.3.png;1.X.3.1.1.7.3.3.svg
1.X.3.1.1.7.3.4;S*G*UCFTC-;1.X.3.1.1.7.3.4.png;1.X.3.1.1.7.3.4.svg
1.X.3.1.1.7.3.4.1;S*G*UCFTCD;1.X.3.1.1.7.3.4.1.png;1.X.3.1.1.7.3.4.1.svg
1.X.3.1.1.7.3.4.2;S*G*UCFTCM;1.X.3.1.1.7.3.4.2.png;1.X.3.1.1.7.3.4.2.svg
1.X.3.1.1.7.3.5;S*G*UCFTA-;1.X.3.1.1.7.3.5.png;1.X.3.1.1.7.3.5.svg
1.X.3.1.1.7.4;S*G*UCFM--;1.X.3.1.1.7.4.png;1.X.3.1.1.7.4.svg
1.X.3.1.1.7.4.1;S*G*UCFMS-;1.X.3.1.1.7.4.1.png;1.X.3.1.1.7.4.1.svg
1.X.3.1.1.7.4.2;S*G*UCFMSW;1.X.3.1.1.7.4.2.png;1.X.3.1.1.7.4.2.svg
1.X.3.1.1.7.4.3;S*G*UCFMT-;1.X.3.1.1.7.4.3.png;1.X.3.1.1.7.4.3.svg
1.X.3.1.1.7.4.3.1;S*G*UCFMTA;1.X.3.1.1.7.4.3.1.png;1.X.3.1.1.7.4.3.1.svg
1.X.3.1.1.7.4.3.2;S*G*UCFMTS;1.X.3.1.1.7.4.3.2.png;1.X.3.1.1.7.4.3.2.svg
1.X.3.1.1.7.4.3.3;S*G*UCFMTC;1.X.3.1.1.7.4.3.3.png;1.X.3.1.1.7.4.3.3.svg
1.X.3.1.1.7.4.3.4;S*G*UCFMTO;1.X.3.1.1.7.4.3.4.png;1.X.3.1.1.7.4.3.4.svg
1.X.3.1.1.7.4.4;S*G*UCFML-;1.X.3.1.1.7.4.4.png;1.X.3.1.1.7.4.4.svg
1.X.3.1.1.7.5;S*G*UCFS--;1.X.3.1.1.7.5.png;1.X.3.1.1.7.5.svg
1.X.3.1.1.7.5.1;S*G*UCFSS-;1.X.3.1.1.7.5.1.png;1.X.3.1.1.7.5.1.svg
1.X.3.1.1.7.5.2;S*G*UCFSA-;1.X.3.1.1.7.5.2.png;1.X.3.1.1.7.5.2.svg
1.X.3.1.1.7.5.3;S*G*UCFSL-;1.X.3.1.1.7.5.3.png;1.X.3.1.1.7.5.3.svg
1.X.3.1.1.7.5.4;S*G*UCFSO-;1.X.3.1.1.7.5.4.png;1.X.3.1.1.7.5.4.svg
1.X.3.1.1.7.6;S*G*UCFO--;1.X.3.1.1.7.6.png;1.X.3.1.1.7.6.svg
1.X.3.1.1.7.6.1;S*G*UCFOS-;1.X.3.1.1.7.6.1.png;1.X.3.1.1.7.6.1.svg
1.X.3.1.1.7.6.2;S*G*UCFOA-;1.X.3.1.1.7.6.2.png;1.X.3.1.1.7.6.2.svg
1.X.3.1.1.7.6.3;S*G*UCFOL-;1.X.3.1.1.7.6.3.png;1.X.3.1.1.7.6.3.svg
1.X.3.1.1.7.6.4;S*G*UCFOO-;1.X.3.1.1.7.6.4.png;1.X.3.1.1.7.6.4.svg
1.X.3.1.1.7.7;S*G*UCF---;1.X.3.1.1.7.7.png;1.X.3.1.1.7.7.svg
1.X.3.1.1.7.8;S*G*UCF---;1.X.3.1.1.7.8.png;1.X.3.1.1.7.8.svg
1.X.3.1.1.8;S*G*UCR---;1.X.3.1.1.8.png;1.X.3.1.1.8.svg
1.X.3.1.1.8.1;S*G*UCRH--;1.X.3.1.1.8.1.png;1.X.3.1.1.8.1.svg
1.X.3.1.1.8.2;S*G*UCRV--;1.X.3.1.1.8.2.png;1.X.3.1.1.8.2.svg
1.X.3.1.1.8.2.1;S*G*UCRVA-;1.X.3.1.1.8.2.1.png;1.X.3.1.1.8.2.1.svg
1.X.3.1.1.8.2.2;S*G*UCRVM-;1.X.3.1.1.8.2.2.png;1.X.3.1.1.8.2.2.svg
1.X.3.1.1.8.2.3;S*G*UCRVG-;1.X.3.1.1.8.2.3.png;1.X.3.1.1.8.2.3.svg
1.X.3.1.1.8.2.4;S*G*UCRVO-;1.X.3.1.1.8.2.4.png;1.X.3.1.1.8.2.4.svg
1.X.3.1.1.8.3;S*G*UCRC--;1.X.3.1.1.8.3.png;1.X.3.1.1.8.3.svg
1.X.3.1.1.8.4;S*G*UCRS--;1.X.3.1.1.8.4.png;1.X.3.1.1.8.4.svg
1.X.3.1.1.8.5;S*G*UCRA--;1.X.3.1.1.8.5.png;1.X.3.1.1.8.5.svg
1.X.3.1.1.8.6;S*G*UCRO--;1.X.3.1.1.8.6.png;1.X.3.1.1.8.6.svg
1.X.3.1.1.8.7;S*G*UCRLL--;1.X.3.1.1.8.7.png;1.X.3.1.1.8.7.svg
1.X.3.1.1.8.8;S*G*UCRR--;1.X.3.1.1.8.8.png;1.X.3.1.1.8.8.svg
1.X.3.1.1.8.8.1;S*G*UCRRD-;1.X.3.1.1.8.8.1.png;1.X.3.1.1.8.8.1.svg
1.X.3.1.1.8.8.2;S*G*UCRRF-;1.X.3.1.1.8.8.2.png;1.X.3.1.1.8.8.2.svg
1.X.3.1.1.8.8.3;S*G*UCRRL-;1.X.3.1.1.8.8.3.png;1.X.3.1.1.8.8.3.svg
1.X.3.1.1.8.9;S*G*UCRX--;1.X.3.1.1.8.9.png;1.X.3.1.1.8.9.svg
1.X.3.1.1.9;S*G*UCM---;1.X.3.1.1.9.png;1.X.3.1.1.9.svg
1.X.3.1.1.9.1;S*G*UCMT--;1.X.3.1.1.9.1.png;1.X.3.1.1.9.1.svg
1.X.3.1.1.9.2;S*G*UCMS--;1.X.3.1.1.9.2.png;1.X.3.1.1.9.2.svg
1.X.3.1.1.10;S*G*UCS---;1.X.3.1.1.10.png;1.X.3.1.1.10.svg
1.X.3.1.1.10.1;S*G*UCSW--;1.X.3.1.1.10.1.png;1.X.3.1.1.10.1.svg
1.X.3.1.1.10.2;S*G*UCSG--;1.X.3.1.1.10.2.png;1.X.3.1.1.10.2.svg
1.X.3.1.1.10.2.1;S*G*UCSGD-;1.X.3.1.1.10.2.1.png;1.X.3.1.1.10.2.1.svg
1.X.3.1.1.10.2.2;S*G*UCSGM-;1.X.3.1.1.10.2.2.png;1.X.3.1.1.10.2.2.svg
1.X.3.1.1.10.2.3;S*G*UCSGA-;1.X.3.1.1.10.2.3.png;1.X.3.1.1.10.2.3.svg
1.X.3.1.1.10.3;S*G*UCSM--;1.X.3.1.1.10.3.png;1.X.3.1.1.10.3.svg
1.X.3.1.1.10.4;S*G*UCSR--;1.X.3.1.1.10.4.png;1.X.3.1.1.10.4.svg
1.X.3.1.1.10.5;S*G*UCSA--;1.X.3.1.1.10.5.png;1.X.3.1.1.10.5.svg
1.X.3.1.2;S*G*UU----;1.X.3.1.2.png;1.X.3.1.2.svg
1.X.3.1.2.1;S*G*UUA---;1.X.3.1.2.1.png;1.X.3.1.2.1.svg
1.X.3.1.2.1.1;S*G*UUAC--;1.X.3.1.2.1.1.png;1.X.3.1.2.1.1.svg
1.X.3.1.2.1.1.1;S*G*UUACC-;1.X.3.1.2.1.1.1.png;1.X.3.1.2.1.1.1.svg
1.X.3.1.2.1.1.1.1;S*G*UUACCK;1.X.3.1.2.1.1.1.1.png;1.X.3.1.2.1.1.1.1.svg
1.X.3.1.2.1.1.1.2;S*G*UUACCM;1.X.3.1.2.1.1.1.2.png;1.X.3.1.2.1.1.1.2.svg
1.X.3.1.2.1.1.2;S*G*UUACS-;1.X.3.1.2.1.1.2.png;1.X.3.1.2.1.1.2.svg
1.X.3.1.2.1.1.2.1;S*G*UUACSM;1.X.3.1.2.1.1.2.1.png;1.X.3.1.2.1.1.2.1.svg
1.X.3.1.2.1.1.2.2;S*G*UUACSA;1.X.3.1.2.1.1.2.2.png;1.X.3.1.2.1.1.2.2.svg
1.X.3.1.2.1.1.3;S*G*UUACR-;1.X.3.1.2.1.1.3.png;1.X.3.1.2.1.1.3.svg
1.X.3.1.2.1.1.3.1;S*G*UUACRW;1.X.3.1.2.1.1.3.1.png;1.X.3.1.2.1.1.3.1.svg
1.X.3.1.2.1.1.3.2;S*G*UUACRS;1.X.3.1.2.1.1.3.2.png;1.X.3.1.2.1.1.3.2.svg
1.X.3.1.2.1.2;S*G*UUAN--;1.X.3.1.2.1.2.png;1.X.3.1.2.1.2.svg
1.X.3.1.2.1.3;S*G*UUAB--;1.X.3.1.2.1.3.png;1.X.3.1.2.1.3.svg
1.X.3.1.2.1.3.1;S*G*UUABR-;1.X.3.1.2.1.3.1.png;1.X.3.1.2.1.3.1.svg
1.X.3.1.2.1.4;S*G*UUAD--;1.X.3.1.2.1.4.png;1.X.3.1.2.1.4.svg
1.X.3.1.2.2;S*G*UUM---;1.X.3.1.2.2.png;1.X.3.1.2.2.svg
1.X.3.1.2.2.1;S*G*UUMA--;1.X.3.1.2.2.1.png;1.X.3.1.2.2.1.svg
1.X.3.1.2.2.2;S*G*UUMS--;1.X.3.1.2.2.2.png;1.X.3.1.2.2.2.svg
1.X.3.1.2.2.2.1;S*G*UUMSE-;1.X.3.1.2.2.2.1.png;1.X.3.1.2.2.2.1.svg
1.X.3.1.2.2.2.1.1;S*G*UUMSEA;1.X.3.1.2.2.2.1.1.png;1.X.3.1.2.2.2.1.1.svg
1.X.3.1.2.2.2.1.2;S*G*UUMSED;1.X.3.1.2.2.2.1.2.png;1.X.3.1.2.2.2.1.2.svg
1.X.3.1.2.2.2.1.3;S*G*UUMSEI;1.X.3.1.2.2.2.1.3.png;1.X.3.1.2.2.2.1.3.svg
1.X.3.1.2.2.2.1.4;S*G*UUMSEJ;1.X.3.1.2.2.2.1.4.png;1.X.3.1.2.2.2.1.4.svg
1.X.3.1.2.2.2.1.5;S*G*UUMSET;1.X.3.1.2.2.2.1.5.png;1.X.3.1.2.2.2.1.5.svg
1.X.3.1.2.2.2.1.6;S*G*UUMSEC;1.X.3.1.2.2.2.1.6.png;1.X.3.1.2.2.2.1.6.svg
1.X.3.1.2.2.3;S*G*UUMC--;1.X.3.1.2.2.3.png;1.X.3.1.2.2.3.svg
1.X.3.1.2.2.4;S*G*UUMR--;1.X.3.1.2.2.4.png;1.X.3.1.2.2.4.svg
1.X.3.1.2.2.4.1;S*G*UUMRG-;1.X.3.1.2.2.4.1.png;1.X.3.1.2.2.4.1.svg
1.X.3.1.2.2.4.2;S*G*UUMRS-;1.X.3.1.2.2.4.2.png;1.X.3.1.2.2.4.2.svg
1.X.3.1.2.2.4.2.1;S*G*UUMRSS;1.X.3.1.2.2.4.2.1.png;1.X.3.1.2.2.4.2.1.svg
1.X.3.1.2.2.4.3;S*G*UUMRX-;1.X.3.1.2.2.4.3.png;1.X.3.1.2.2.4.3.svg
1.X.3.1.2.2.4.4;S*G*UUMMO-;1.X.3.1.2.2.4.4.png;1.X.3.1.2.2.4.4.svg
1.X.3.1.2.2.5;S*G*UUMO--;1.X.3.1.2.2.5.png;1.X.3.1.2.2.5.svg
1.X.3.1.2.2.6;S*G*UUMT--;1.X.3.1.2.2.6.png;1.X.3.1.2.2.6.svg
1.X.3.1.2.2.7;S*G*UUMQ--;1.X.3.1.2.2.7.png;1.X.3.1.2.2.7.svg
1.X.3.1.2.2.8;S*G*UUMJ--;1.X.3.1.2.2.8.png;1.X.3.1.2.2.8.svg
1.X.3.1.2.3;S*G*UUL---;1.X.3.1.2.3.png;1.X.3.1.2.3.svg
1.X.3.1.2.3.1;S*G*UULS--;1.X.3.1.2.3.1.png;1.X.3.1.2.3.1.svg
1.X.3.1.2.3.2;S*G*UULM--;1.X.3.1.2.3.2.png;1.X.3.1.2.3.2.svg
1.X.3.1.2.3.3;S*G*UULC--;1.X.3.1.2.3.3.png;1.X.3.1.2.3.3.svg
1.X.3.1.2.3.4;S*G*UULF--;1.X.3.1.2.3.4.png;1.X.3.1.2.3.4.svg
1.X.3.1.2.3.5;S*G*UULD--;1.X.3.1.2.3.5.png;1.X.3.1.2.3.5.svg
1.X.3.1.2.4;S*G*UUS---;1.X.3.1.2.4.png;1.X.3.1.2.4.svg
1.X.3.1.2.4.1;S*G*UUSA--;1.X.3.1.2.4.1.png;1.X.3.1.2.4.1.svg
1.X.3.1.2.4.2;S*G*UUSC--;1.X.3.1.2.4.2.png;1.X.3.1.2.4.2.svg
1.X.3.1.2.4.2.1;S*G*UUSCL-;1.X.3.1.2.4.2.1.png;1.X.3.1.2.4.2.1.svg
1.X.3.1.2.4.3;S*G*UUSO--;1.X.3.1.2.4.3.png;1.X.3.1.2.4.3.svg
1.X.3.1.2.4.4;S*G*UUSF--;1.X.3.1.2.4.4.png;1.X.3.1.2.4.4.svg
1.X.3.1.2.4.5;S*G*UUSM--;1.X.3.1.2.4.5.png;1.X.3.1.2.4.5.svg
1.X.3.1.2.4.5.1;S*G*UUSMS-;1.X.3.1.2.4.5.1.png;1.X.3.1.2.4.5.1.svg
1.X.3.1.2.4.5.2;S*G*UUSML-;1.X.3.1.2.4.5.2.png;1.X.3.1.2.4.5.2.svg
1.X.3.1.2.4.5.3;S*G*UUSMN-;1.X.3.1.2.4.5.3.png;1.X.3.1.2.4.5.3.svg
1.X.3.1.2.4.6;S*G*UUSR--;1.X.3.1.2.4.6.png;1.X.3.1.2.4.6.svg
1.X.3.1.2.4.6.1;S*G*UUSRS-;1.X.3.1.2.4.6.1.png;1.X.3.1.2.4.6.1.svg
1.X.3.1.2.4.6.2;S*G*UUSRT-;1.X.3.1.2.4.6.2.png;1.X.3.1.2.4.6.2.svg
1.X.3.1.2.4.6.3;S*G*UUSRW-;1.X.3.1.2.4.6.3.png;1.X.3.1.2.4.6.3.svg
1.X.3.1.2.4.7;S*G*UUSS--;1.X.3.1.2.4.7.png;1.X.3.1.2.4.7.svg
1.X.3.1.2.4.8;S*G*UUSW--;1.X.3.1.2.4.8.png;1.X.3.1.2.4.8.svg
1.X.3.1.2.4.9;S*G*UUSX--;1.X.3.1.2.4.9.png;1.X.3.1.2.4.9.svg
1.X.3.1.2.5;S*G*UUI---;1.X.3.1.2.5.png;1.X.3.1.2.5.svg
1.X.3.1.2.6;S*G*UUX---;1.X.3.1.2.6.png;1.X.3.1.2.6.svg
1.X.3.1.2.7;S*G*UUE---;1.X.3.1.2.7.png;1.X.3.1.2.7.svg
1.X.3.1.2.8;S*G*UUT---;1.X.3.1.2.8.png;1.X.3.1.2.8.svg
1.X.3.1.2.9;S*G*UU----;1.X.3.1.2.9.png;1.X.3.1.2.9.svg
1.X.3.1.2.10;S*G*UUD---;1.X.3.1.2.10.png;1.X.3.1.2.10.svg
1.X.3.1.3;S*G*US----;1.X.3.1.3.png;1.X.3.1.3.svg
1.X.3.1.3.1;S*G*USA---;1.X.3.1.3.1.png;1.X.3.1.3.1.svg
1.X.3.1.3.1.1;S*G*USAT--;1.X.3.1.3.1.1.png;1.X.3.1.3.1.1.svg
1.X.3.1.3.1.2;S*G*USAC--;1.X.3.1.3.1.2.png;1.X.3.1.3.1.2.svg
1.X.3.1.3.1.3;S*G*USAJ--;1.X.3.1.3.1.3.png;1.X.3.1.3.1.3.svg
1.X.3.1.3.1.3.1;S*G*USAJT-;1.X.3.1.3.1.3.1.png;1.X.3.1.3.1.3.1.svg
1.X.3.1.3.1.3.2;S*G*USAJC-;1.X.3.1.3.1.3.2.png;1.X.3.1.3.1.3.2.svg
1.X.3.1.3.1.4;S*G*USAO--;1.X.3.1.3.1.4.png;1.X.3.1.3.1.4.svg
1.X.3.1.3.1.4.1;S*G*USAOT-;1.X.3.1.3.1.4.1.png;1.X.3.1.3.1.4.1.svg
1.X.3.1.3.1.4.2;S*G*USAOC-;1.X.3.1.3.1.4.2.png;1.X.3.1.3.1.4.2.svg
1.X.3.1.3.1.5;S*G*USAF--;1.X.3.1.3.1.5.png;1.X.3.1.3.1.5.svg
1.X.3.1.3.1.5.1;S*G*USAFT-;1.X.3.1.3.1.5.1.png;1.X.3.1.3.1.5.1.svg
1.X.3.1.3.1.5.2;S*G*USAFC-;1.X.3.1.3.1.5.2.png;1.X.3.1.3.1.5.2.svg
1.X.3.1.3.1.6;S*G*USAS--;1.X.3.1.3.1.6.png;1.X.3.1.3.1.6.svg
1.X.3.1.3.1.6.1;S*G*USAST-;1.X.3.1.3.1.6.1.png;1.X.3.1.3.1.6.1.svg
1.X.3.1.3.1.6.2;S*G*USASC-;1.X.3.1.3.1.6.2.png;1.X.3.1.3.1.6.2.svg
1.X.3.1.3.1.7;S*G*USAM--;1.X.3.1.3.1.7.png;1.X.3.1.3.1.7.svg
1.X.3.1.3.1.7.1;S*G*USAMT-;1.X.3.1.3.1.7.1.png;1.X.3.1.3.1.7.1.svg
1.X.3.1.3.1.7.2;S*G*USAMC-;1.X.3.1.3.1.7.2.png;1.X.3.1.3.1.7.2.svg
1.X.3.1.3.1.8;S*G*USAR--;1.X.3.1.3.1.8.png;1.X.3.1.3.1.8.svg
1.X.3.1.3.1.8.1;S*G*USART-;1.X.3.1.3.1.8.1.png;1.X.3.1.3.1.8.1.svg
1.X.3.1.3.1.8.2;S*G*USARC-;1.X.3.1.3.1.8.2.png;1.X.3.1.3.1.8.2.svg
1.X.3.1.3.1.9;S*G*USAP--;1.X.3.1.3.1.9.png;1.X.3.1.3.1.9.svg
1.X.3.1.3.1.9.1;S*G*USAPT-;1.X.3.1.3.1.9.1.png;1.X.3.1.3.1.9.1.svg
1.X.3.1.3.1.9.2;S*G*USAPC-;1.X.3.1.3.1.9.2.png;1.X.3.1.3.1.9.2.svg
1.X.3.1.3.1.9.3;S*G*USAPB-;1.X.3.1.3.1.9.3.png;1.X.3.1.3.1.9.3.svg
1.X.3.1.3.1.9.3.1;S*G*USAPBT;1.X.3.1.3.1.9.3.1.png;1.X.3.1.3.1.9.3.1.svg
1.X.3.1.3.1.9.3.2;S*G*USAPBC;1.X.3.1.3.1.9.3.2.png;1.X.3.1.3.1.9.3.2.svg
1.X.3.1.3.1.9.4;S*G*USAPM-;1.X.3.1.3.1.9.4.png;1.X.3.1.3.1.9.4.svg
1.X.3.1.3.1.9.4.1;S*G*USAPMT;1.X.3.1.3.1.9.4.1.png;1.X.3.1.3.1.9.4.1.svg
1.X.3.1.3.1.9.4.2;S*G*USAPMC;1.X.3.1.3.1.9.4.2.png;1.X.3.1.3.1.9.4.2.svg
1.X.3.1.3.1.10;S*G*USAX--;1.X.3.1.3.1.10.png;1.X.3.1.3.1.10.svg
1.X.3.1.3.1.10.1;S*G*USAXT-;1.X.3.1.3.1.10.1.png;1.X.3.1.3.1.10.1.svg
1.X.3.1.3.1.10.2;S*G*USAXC-;1.X.3.1.3.1.10.2.png;1.X.3.1.3.1.10.2.svg
1.X.3.1.3.1.11;S*G*USAL--;1.X.3.1.3.1.11.png;1.X.3.1.3.1.11.svg
1.X.3.1.3.1.11.1;S*G*USALT-;1.X.3.1.3.1.11.1.png;1.X.3.1.3.1.11.1.svg
1.X.3.1.3.1.11.2;S*G*USALC-;1.X.3.1.3.1.11.2.png;1.X.3.1.3.1.11.2.svg
1.X.3.1.3.1.12;S*G*USAW--;1.X.3.1.3.1.12.png;1.X.3.1.3.1.12.svg
1.X.3.1.3.1.12.1;S*G*USAWT-;1.X.3.1.3.1.12.1.png;1.X.3.1.3.1.12.1.svg
1.X.3.1.3.1.12.2;S*G*USAWC-;1.X.3.1.3.1.12.2.png;1.X.3.1.3.1.12.2.svg
1.X.3.1.3.1.13;S*G*USAQ--;1.X.3.1.3.1.13.png;1.X.3.1.3.1.13.svg
1.X.3.1.3.1.13.1;S*G*USAQT-;1.X.3.1.3.1.13.1.png;1.X.3.1.3.1.13.1.svg
1.X.3.1.3.1.13.2;S*G*USAQC-;1.X.3.1.3.1.13.2.png;1.X.3.1.3.1.13.2.svg
1.X.3.1.3.2;S*G*USM---;1.X.3.1.3.2.png;1.X.3.1.3.2.svg
1.X.3.1.3.2.1;S*G*USMT--;1.X.3.1.3.2.1.png;1.X.3.1.3.2.1.svg
1.X.3.1.3.2.2;S*G*USMC--;1.X.3.1.3.2.2.png;1.X.3.1.3.2.2.svg
1.X.3.1.3.2.3;S*G*USMM--;1.X.3.1.3.2.3.png;1.X.3.1.3.2.3.svg
1.X.3.1.3.2.3.1;S*G*USMMT-;1.X.3.1.3.2.3.1.png;1.X.3.1.3.2.3.1.svg
1.X.3.1.3.2.3.2;S*G*USMMC-;1.X.3.1.3.2.3.2.png;1.X.3.1.3.2.3.2.svg
1.X.3.1.3.2.4;S*G*USMV--;1.X.3.1.3.2.4.png;1.X.3.1.3.2.4.svg
1.X.3.1.3.2.4.1;S*G*USMVT-;1.X.3.1.3.2.4.1.png;1.X.3.1.3.2.4.1.svg
1.X.3.1.3.2.4.2;S*G*USMVC-;1.X.3.1.3.2.4.2.png;1.X.3.1.3.2.4.2.svg
1.X.3.1.3.2.5;S*G*USMD--;1.X.3.1.3.2.5.png;1.X.3.1.3.2.5.svg
1.X.3.1.3.2.5.1;S*G*USMDT-;1.X.3.1.3.2.5.1.png;1.X.3.1.3.2.5.1.svg
1.X.3.1.3.2.5.2;S*G*USMDC-;1.X.3.1.3.2.5.2.png;1.X.3.1.3.2.5.2.svg
1.X.3.1.3.2.6;S*G*USMP--;1.X.3.1.3.2.6.png;1.X.3.1.3.2.6.svg
1.X.3.1.3.2.6.1;S*G*USMPT-;1.X.3.1.3.2.6.1.png;1.X.3.1.3.2.6.1.svg
1.X.3.1.3.2.6.2;S*G*USMPC-;1.X.3.1.3.2.6.2.png;1.X.3.1.3.2.6.2.svg
1.X.3.1.3.3;S*G*USS---;1.X.3.1.3.3.png;1.X.3.1.3.3.svg
1.X.3.1.3.3.1;S*G*USST--;1.X.3.1.3.3.1.png;1.X.3.1.3.3.1.svg
1.X.3.1.3.3.2;S*G*USSC--;1.X.3.1.3.3.2.png;1.X.3.1.3.3.2.svg
1.X.3.1.3.3.3;S*G*USS1--;1.X.3.1.3.3.3.png;1.X.3.1.3.3.3.svg
1.X.3.1.3.3.3.1;S*G*USS1T-;1.X.3.1.3.3.3.1.png;1.X.3.1.3.3.3.1.svg
1.X.3.1.3.3.3.2;S*G*USS1C-;1.X.3.1.3.3.3.2.png;1.X.3.1.3.3.3.2.svg
1.X.3.1.3.3.4;S*G*USS2--;1.X.3.1.3.3.4.png;1.X.3.1.3.3.4.svg
1.X.3.1.3.3.4.1;S*G*USS2T-;1.X.3.1.3.3.4.1.png;1.X.3.1.3.3.4.1.svg
1.X.3.1.3.3.4.2;S*G*USS2C-;1.X.3.1.3.3.4.2.png;1.X.3.1.3.3.4.2.svg
1.X.3.1.3.3.5;S*G*USS3--;1.X.3.1.3.3.5.png;1.X.3.1.3.3.5.svg
1.X.3.1.3.3.5.1;S*G*USS3T-;1.X.3.1.3.3.5.1.png;1.X.3.1.3.3.5.1.svg
1.X.3.1.3.3.5.2;S*G*USS3C-;1.X.3.1.3.3.5.2.png;1.X.3.1.3.3.5.2.svg
1.X.3.1.3.3.5.3;S*G*USS3A-;1.X.3.1.3.3.5.3.png;1.X.3.1.3.3.5.3.svg
1.X.3.1.3.3.5.3.1;S*G*USS3AT;1.X.3.1.3.3.5.3.1.png;1.X.3.1.3.3.5.3.1.svg
1.X.3.1.3.3.5.3.2;S*G*USS3AC;1.X.3.1.3.3.5.3.2.png;1.X.3.1.3.3.5.3.2.svg
1.X.3.1.3.3.6;S*G*USS4--;1.X.3.1.3.3.6.png;1.X.3.1.3.3.6.svg
1.X.3.1.3.3.6.1;S*G*USS4T-;1.X.3.1.3.3.6.1.png;1.X.3.1.3.3.6.1.svg
1.X.3.1.3.3.6.2;S*G*USS4C-;1.X.3.1.3.3.6.2.png;1.X.3.1.3.3.6.2.svg
1.X.3.1.3.3.7;S*G*USS5--;1.X.3.1.3.3.7.png;1.X.3.1.3.3.7.svg
1.X.3.1.3.3.7.1;S*G*USS5T-;1.X.3.1.3.3.7.1.png;1.X.3.1.3.3.7.1.svg
1.X.3.1.3.3.7.2;S*G*USS5C-;1.X.3.1.3.3.7.2.png;1.X.3.1.3.3.7.2.svg
1.X.3.1.3.3.8;S*G*USS6--;1.X.3.1.3.3.8.png;1.X.3.1.3.3.8.svg
1.X.3.1.3.3.8.1;S*G*USS6T-;1.X.3.1.3.3.8.1.png;1.X.3.1.3.3.8.1.svg
1.X.3.1.3.3.8.2;S*G*USS6C-;1.X.3.1.3.3.8.2.png;1.X.3.1.3.3.8.2.svg
1.X.3.1.3.3.9;S*G*USS7--;1.X.3.1.3.3.9.png;1.X.3.1.3.3.9.svg
1.X.3.1.3.3.9.1;S*G*USS7T-;1.X.3.1.3.3.9.1.png;1.X.3.1.3.3.9.1.svg
1.X.3.1.3.3.9.2;S*G*USS7C-;1.X.3.1.3.3.9.2.png;1.X.3.1.3.3.9.2.svg
1.X.3.1.3.3.10;S*G*USS8--;1.X.3.1.3.3.10.png;1.X.3.1.3.3.10.svg
1.X.3.1.3.3.10.1;S*G*USS8T-;1.X.3.1.3.3.10.1.png;1.X.3.1.3.3.10.1.svg
1.X.3.1.3.3.10.2;S*G*USS8C-;1.X.3.1.3.3.10.2.png;1.X.3.1.3.3.10.2.svg
1.X.3.1.3.3.11;S*G*USS9--;1.X.3.1.3.3.11.png;1.X.3.1.3.3.11.svg
1.X.3.1.3.3.11.1;S*G*USS9T-;1.X.3.1.3.3.11.1.png;1.X.3.1.3.3.11.1.svg
1.X.3.1.3.3.11.2;S*G*USS9C-;1.X.3.1.3.3.11.2.png;1.X.3.1.3.3.11.2.svg
1.X.3.1.3.3.12;S*G*USSX--;1.X.3.1.3.3.12.png;1.X.3.1.3.3.12.svg
1.X.3.1.3.3.12.1;S*G*USSXT-;1.X.3.1.3.3.12.1.png;1.X.3.1.3.3.12.1.svg
1.X.3.1.3.3.12.2;S*G*USSXC-;1.X.3.1.3.3.12.2.png;1.X.3.1.3.3.12.2.svg
1.X.3.1.3.3.13;S*G*USSL--;1.X.3.1.3.3.13.png;1.X.3.1.3.3.13.svg
1.X.3.1.3.3.13.1;S*G*USSLT-;1.X.3.1.3.3.13.1.png;1.X.3.1.3.3.13.1.svg
1.X.3.1.3.3.13.2;S*G*USSLC-;1.X.3.1.3.3.13.2.png;1.X.3.1.3.3.13.2.svg
1.X.3.1.3.3.14;S*G*USSW--;1.X.3.1.3.3.14.png;1.X.3.1.3.3.14.svg
1.X.3.1.3.3.14.1;S*G*USSWT-;1.X.3.1.3.3.14.1.png;1.X.3.1.3.3.14.1.svg
1.X.3.1.3.3.14.2;S*G*USSWC-;1.X.3.1.3.3.14.2.png;1.X.3.1.3.3.14.2.svg
1.X.3.1.3.3.14.3;S*G*USSWP-;1.X.3.1.3.3.14.3.png;1.X.3.1.3.3.14.3.svg
1.X.3.1.3.3.14.3.1;S*G*USSWPT;1.X.3.1.3.3.14.3.1.png;1.X.3.1.3.3.14.3.1.svg
1.X.3.1.3.3.14.3.2;S*G*USSWPC;1.X.3.1.3.3.14.3.2.png;1.X.3.1.3.3.14.3.2.svg
1.X.3.1.3.4;S*G*UST---;1.X.3.1.3.4.png;1.X.3.1.3.4.svg
1.X.3.1.3.4.1;S*G*USTT--;1.X.3.1.3.4.1.png;1.X.3.1.3.4.1.svg
1.X.3.1.3.4.2;S*G*USTC--;1.X.3.1.3.4.2.png;1.X.3.1.3.4.2.svg
1.X.3.1.3.4.3;S*G*USTM--;1.X.3.1.3.4.3.png;1.X.3.1.3.4.3.svg
1.X.3.1.3.4.3.1;S*G*USTMT-;1.X.3.1.3.4.3.1.png;1.X.3.1.3.4.3.1.svg
1.X.3.1.3.4.3.2;S*G*USTMC-;1.X.3.1.3.4.3.2.png;1.X.3.1.3.4.3.2.svg
1.X.3.1.3.4.4;S*G*USTR--;1.X.3.1.3.4.4.png;1.X.3.1.3.4.4.svg
1.X.3.1.3.4.4.1;S*G*USTRT-;1.X.3.1.3.4.4.1.png;1.X.3.1.3.4.4.1.svg
1.X.3.1.3.4.4.2;S*G*USTRC-;1.X.3.1.3.4.4.2.png;1.X.3.1.3.4.4.2.svg
1.X.3.1.3.4.5;S*G*USTS--;1.X.3.1.3.4.5.png;1.X.3.1.3.4.5.svg
1.X.3.1.3.4.5.1;S*G*USTST-;1.X.3.1.3.4.5.1.png;1.X.3.1.3.4.5.1.svg
1.X.3.1.3.4.5.2;S*G*USTSC-;1.X.3.1.3.4.5.2.png;1.X.3.1.3.4.5.2.svg
1.X.3.1.3.4.6;S*G*USTA--;1.X.3.1.3.4.6.png;1.X.3.1.3.4.6.svg
1.X.3.1.3.4.6.1;S*G*USTAT-;1.X.3.1.3.4.6.1.png;1.X.3.1.3.4.6.1.svg
1.X.3.1.3.4.6.2;S*G*USTAC-;1.X.3.1.3.4.6.2.png;1.X.3.1.3.4.6.2.svg
1.X.3.1.3.4.7;S*G*USTI--;1.X.3.1.3.4.7.png;1.X.3.1.3.4.7.svg
1.X.3.1.3.4.7.1;S*G*USTIT-;1.X.3.1.3.4.7.1.png;1.X.3.1.3.4.7.1.svg
1.X.3.1.3.4.7.2;S*G*USTIC-;1.X.3.1.3.4.7.2.png;1.X.3.1.3.4.7.2.svg
1.X.3.1.3.5;S*G*USX---;1.X.3.1.3.5.png;1.X.3.1.3.5.svg
1.X.3.1.3.5.1;S*G*USXT--;1.X.3.1.3.5.1.png;1.X.3.1.3.5.1.svg
1.X.3.1.3.5.2;S*G*USXC--;1.X.3.1.3.5.2.png;1.X.3.1.3.5.2.svg
1.X.3.1.3.5.3;S*G*USXH--;1.X.3.1.3.5.3.png;1.X.3.1.3.5.3.svg
1.X.3.1.3.5.3.1;S*G*USXHT-;1.X.3.1.3.5.3.1.png;1.X.3.1.3.5.3.1.svg
1.X.3.1.3.5.3.2;S*G*USXHC-;1.X.3.1.3.5.3.2.png;1.X.3.1.3.5.3.2.svg
1.X.3.1.3.5.4;S*G*USXR--;1.X.3.1.3.5.4.png;1.X.3.1.3.5.4.svg
1.X.3.1.3.5.4.1;S*G*USXRT-;1.X.3.1.3.5.4.1.png;1.X.3.1.3.5.4.1.svg
1.X.3.1.3.5.4.2;S*G*USXRC-;1.X.3.1.3.5.4.2.png;1.X.3.1.3.5.4.2.svg
1.X.3.1.3.5.5;S*G*USXO--;1.X.3.1.3.5.5.png;1.X.3.1.3.5.5.svg
1.X.3.1.3.5.5.1;S*G*USXOT-;1.X.3.1.3.5.5.1.png;1.X.3.1.3.5.5.1.svg
1.X.3.1.3.5.5.2;S*G*USXOC-;1.X.3.1.3.5.5.2.png;1.X.3.1.3.5.5.2.svg
1.X.3.1.3.5.5.3;S*G*USXOM-;1.X.3.1.3.5.5.3.png;1.X.3.1.3.5.5.3.svg
1.X.3.1.3.5.5.3.1;S*G*USXOMT;1.X.3.1.3.5.5.3.1.png;1.X.3.1.3.5.5.3.1.svg
1.X.3.1.3.5.5.3.2;S*G*USXOMC;1.X.3.1.3.5.5.3.2.png;1.X.3.1.3.5.5.3.2.svg
1.X.3.1.3.5.6;S*G*USXE--;1.X.3.1.3.5.6.png;1.X.3.1.3.5.6.svg
1.X.3.1.3.5.6.1;S*G*USXET-;1.X.3.1.3.5.6.1.png;1.X.3.1.3.5.6.1.svg
1.X.3.1.3.5.6.2;S*G*USXEC-;1.X.3.1.3.5.6.2.png;1.X.3.1.3.5.6.2.svg
1.X.3.1.3.5.7;S*G*USXBDR;1.X.3.1.3.5.7.png;1.X.3.1.3.5.7.svg
1.X.3.1.3.5.8;S*G*USXPM-;1.X.3.1.3.5.8.png;1.X.3.1.3.5.8.svg
1.X.3.1.3.6;S*G*USXP--;1.X.3.1.3.6.png;1.X.3.1.3.6.svg
1.X.3.1.3.7;S*G*USXEP-;1.X.3.1.3.7.png;1.X.3.1.3.7.svg
1.X.3.1.4;S*G*UH----;1.X.3.1.4.png;1.X.3.1.4.svg
1.X.3.1.5;S*G*UH----;1.X.3.1.5.png;1.X.3.1.5.svg
1.X.3.1.6;S*G*UH----;1.X.3.1.6.png;1.X.3.1.6.svg
1.X.3.1.7;S*G*UHGL--;1.X.3.1.7.png;1.X.3.1.7.svg
1.X.3.2;S*G*E-----;1.X.3.2.png;1.X.3.2.svg
1.X.3.2.1;S*G*EW----;1.X.3.2.1.png;1.X.3.2.1.svg
1.X.3.2.1.1;S*G*EWM---;1.X.3.2.1.1.png;1.X.3.2.1.1.svg
1.X.3.2.1.1.1;S*G*EWMA--;1.X.3.2.1.1.1.png;1.X.3.2.1.1.1.svg
1.X.3.2.1.1.1.1;S*G*EWMAS-;1.X.3.2.1.1.1.1.png;1.X.3.2.1.1.1.1.svg
1.X.3.2.1.1.1.2;S*G*EWMAI-;1.X.3.2.1.1.1.2.png;1.X.3.2.1.1.1.2.svg
1.X.3.2.1.1.1.3;S*G*EWMAL-;1.X.3.2.1.1.1.3.png;1.X.3.2.1.1.1.3.svg
1.X.3.2.1.1.1.4;S*G*EWMAT-;1.X.3.2.1.1.1.4.png;1.X.3.2.1.1.1.4.svg
1.X.3.2.1.1.2;S*G*EWMS--;1.X.3.2.1.1.2.png;1.X.3.2.1.1.2.svg
1.X.3.2.1.1.2.1;S*G*EWMSS-;1.X.3.2.1.1.2.1.png;1.X.3.2.1.1.2.1.svg
1.X.3.2.1.1.2.2;S*G*EWMSI-;1.X.3.2.1.1.2.2.png;1.X.3.2.1.1.2.2.svg
1.X.3.2.1.1.2.3;S*G*EWMSL-;1.X.3.2.1.1.2.3.png;1.X.3.2.1.1.2.3.svg
1.X.3.2.1.1.3;S*G*EWMT--;1.X.3.2.1.1.3.png;1.X.3.2.1.1.3.svg
1.X.3.2.1.1.3.1;S*G*EWMTL-;1.X.3.2.1.1.3.1.png;1.X.3.2.1.1.3.1.svg
1.X.3.2.1.1.3.2;S*G*EWMTM-;1.X.3.2.1.1.3.2.png;1.X.3.2.1.1.3.2.svg
1.X.3.2.1.1.3.3;S*G*EWMTH-;1.X.3.2.1.1.3.3.png;1.X.3.2.1.1.3.3.svg
1.X.3.2.1.2;S*G*EWS---;1.X.3.2.1.2.png;1.X.3.2.1.2.svg
1.X.3.2.1.2.1;S*G*EWSL--;1.X.3.2.1.2.1.png;1.X.3.2.1.2.1.svg
1.X.3.2.1.2.2;S*G*EWSM--;1.X.3.2.1.2.2.png;1.X.3.2.1.2.2.svg
1.X.3.2.1.2.3;S*G*EWSH--;1.X.3.2.1.2.3.png;1.X.3.2.1.2.3.svg
1.X.3.2.1.3;S*G*EWX---;1.X.3.2.1.3.png;1.X.3.2.1.3.svg
1.X.3.2.1.3.1;S*G*EWXL--;1.X.3.2.1.3.1.png;1.X.3.2.1.3.1.svg
1.X.3.2.1.3.2;S*G*EWXM--;1.X.3.2.1.3.2.png;1.X.3.2.1.3.2.svg
1.X.3.2.1.3.3;S*G*EWXH--;1.X.3.2.1.3.3.png;1.X.3.2.1.3.3.svg
1.X.3.2.1.4;S*G*EWT---;1.X.3.2.1.4.png;1.X.3.2.1.4.svg
1.X.3.2.1.4.1;S*G*EWTL--;1.X.3.2.1.4.1.png;1.X.3.2.1.4.1.svg
1.X.3.2.1.4.2;S*G*EWTM--;1.X.3.2.1.4.2.png;1.X.3.2.1.4.2.svg
1.X.3.2.1.4.3;S*G*EWTH--;1.X.3.2.1.4.3.png;1.X.3.2.1.4.3.svg
1.X.3.2.1.5;S*G*EWR---;1.X.3.2.1.5.png;1.X.3.2.1.5.svg
1.X.3.2.1.5.1;S*G*EWRR--;1.X.3.2.1.5.1.png;1.X.3.2.1.5.1.svg
1.X.3.2.1.5.2;S*G*EWRL--;1.X.3.2.1.5.2.png;1.X.3.2.1.5.2.svg
1.X.3.2.1.5.3;S*G*EWRH--;1.X.3.2.1.5.3.png;1.X.3.2.1.5.3.svg
1.X.3.2.1.6;S*G*EWZ---;1.X.3.2.1.6.png;1.X.3.2.1.6.svg
1.X.3.2.1.6.1;S*G*EWZL--;1.X.3.2.1.6.1.png;1.X.3.2.1.6.1.svg
1.X.3.2.1.6.2;S*G*EWZM--;1.X.3.2.1.6.2.png;1.X.3.2.1.6.2.svg
1.X.3.2.1.6.3;S*G*EWZH--;1.X.3.2.1.6.3.png;1.X.3.2.1.6.3.svg
1.X.3.2.1.7;S*G*EWO---;1.X.3.2.1.7.png;1.X.3.2.1.7.svg
1.X.3.2.1.7.1;S*G*EWOL--;1.X.3.2.1.7.1.png;1.X.3.2.1.7.1.svg
1.X.3.2.1.7.2;S*G*EWOM--;1.X.3.2.1.7.2.png;1.X.3.2.1.7.2.svg
1.X.3.2.1.7.3;S*G*EWOH--;1.X.3.2.1.7.3.png;1.X.3.2.1.7.3.svg
1.X.3.2.1.8;S*G*EWH---;1.X.3.2.1.8.png;1.X.3.2.1.8.svg
1.X.3.2.1.8.1;S*G*EWHL--;1.X.3.2.1.8.1.png;1.X.3.2.1.8.1.svg
1.X.3.2.1.8.1.1;S*G*EWHLS-;1.X.3.2.1.8.1.1.png;1.X.3.2.1.8.1.1.svg
1.X.3.2.1.8.2;S*G*EWHM--;1.X.3.2.1.8.2.png;1.X.3.2.1.8.2.svg
1.X.3.2.1.8.2.1;S*G*EWHMS-;1.X.3.2.1.8.2.1.png;1.X.3.2.1.8.2.1.svg
1.X.3.2.1.8.3;S*G*EWHH--;1.X.3.2.1.8.3.png;1.X.3.2.1.8.3.svg
1.X.3.2.1.8.3.1;S*G*EWHHS-;1.X.3.2.1.8.3.1.png;1.X.3.2.1.8.3.1.svg
1.X.3.2.1.9;S*G*EWG---;1.X.3.2.1.9.png;1.X.3.2.1.9.svg
1.X.3.2.1.9.1;S*G*EWGR--;1.X.3.2.1.9.1.png;1.X.3.2.1.9.1.svg
1.X.3.2.1.9.2;S*G*EWGL--;1.X.3.2.1.9.2.png;1.X.3.2.1.9.2.svg
1.X.3.2.1.9.3;S*G*EWGM--;1.X.3.2.1.9.3.png;1.X.3.2.1.9.3.svg
1.X.3.2.1.9.4;S*G*EWGH--;1.X.3.2.1.9.4.png;1.X.3.2.1.9.4.svg
1.X.3.2.1.10;S*G*EWD---;1.X.3.2.1.10.png;1.X.3.2.1.10.svg
1.X.3.2.1.10.1;S*G*EWDL--;1.X.3.2.1.10.1.png;1.X.3.2.1.10.1.svg
1.X.3.2.1.10.1.1;S*G*EWDLS-;1.X.3.2.1.10.1.1.png;1.X.3.2.1.10.1.1.svg
1.X.3.2.1.10.2;S*G*EWDM--;1.X.3.2.1.10.2.png;1.X.3.2.1.10.2.svg
1.X.3.2.1.10.2.1;S*G*EWDMS-;1.X.3.2.1.10.2.1.png;1.X.3.2.1.10.2.1.svg
1.X.3.2.1.10.3;S*G*EWDH--;1.X.3.2.1.10.3.png;1.X.3.2.1.10.3.svg
1.X.3.2.1.10.3.1;S*G*EWDHS-;1.X.3.2.1.10.3.1.png;1.X.3.2.1.10.3.1.svg
1.X.3.2.1.11;S*G*EWA---;1.X.3.2.1.11.png;1.X.3.2.1.11.svg
1.X.3.2.1.11.1;S*G*EWAL--;1.X.3.2.1.11.1.png;1.X.3.2.1.11.1.svg
1.X.3.2.1.11.2;S*G*EWAM--;1.X.3.2.1.11.2.png;1.X.3.2.1.11.2.svg
1.X.3.2.1.11.3;S*G*EWAH--;1.X.3.2.1.11.3.png;1.X.3.2.1.11.3.svg
1.X.3.2.2;S*G*EV----;1.X.3.2.2.png;1.X.3.2.2.svg
1.X.3.2.2.1;S*G*EVA---;1.X.3.2.2.1.png;1.X.3.2.2.1.svg
1.X.3.2.2.1.1;S*G*EVAT--;1.X.3.2.2.1.1.png;1.X.3.2.2.1.1.svg
1.X.3.2.2.1.1.1;S*G*EVATL-;1.X.3.2.2.1.1.1.png;1.X.3.2.2.1.1.1.svg
1.X.3.2.2.1.1.1.1;S*G*EVATW-;1.X.3.2.2.1.1.1.1.png;1.X.3.2.2.1.1.1.1.svg
1.X.3.2.2.1.1.2;S*G*EVATM-;1.X.3.2.2.1.1.2.png;1.X.3.2.2.1.1.2.svg
1.X.3.2.2.1.1.2.1;S*G*EVATX-;1.X.3.2.2.1.1.2.1.png;1.X.3.2.2.1.1.2.1.svg
1.X.3.2.2.1.1.3;S*G*EVATH-;1.X.3.2.2.1.1.3.png;1.X.3.2.2.1.1.3.svg
1.X.3.2.2.1.1.3.1;S*G*EVATY-;1.X.3.2.2.1.1.3.1.png;1.X.3.2.2.1.1.3.1.svg
1.X.3.2.2.1.2;S*G*EVAA--;1.X.3.2.2.1.2.png;1.X.3.2.2.1.2.svg
1.X.3.2.2.1.2.1;S*G*EVAAR-;1.X.3.2.2.1.2.1.png;1.X.3.2.2.1.2.1.svg
1.X.3.2.2.1.3;S*G*EVAI--;1.X.3.2.2.1.3.png;1.X.3.2.2.1.3.svg
1.X.3.2.2.1.4;S*G*EVAC--;1.X.3.2.2.1.4.png;1.X.3.2.2.1.4.svg
1.X.3.2.2.1.5;S*G*EVAS--;1.X.3.2.2.1.5.png;1.X.3.2.2.1.5.svg
1.X.3.2.2.1.6;S*G*EVAL--;1.X.3.2.2.1.6.png;1.X.3.2.2.1.6.svg
1.X.3.2.2.2;S*G*EVU---;1.X.3.2.2.2.png;1.X.3.2.2.2.svg
1.X.3.2.2.2.1;S*G*EVUB--;1.X.3.2.2.2.1.png;1.X.3.2.2.2.1.svg
1.X.3.2.2.2.2;S*G*EVUS--;1.X.3.2.2.2.2.png;1.X.3.2.2.2.2.svg
1.X.3.2.2.2.3;S*G*EVUL--;1.X.3.2.2.2.3.png;1.X.3.2.2.2.3.svg
1.X.3.2.2.2.4;S*G*EVUX--;1.X.3.2.2.2.4.png;1.X.3.2.2.2.4.svg
1.X.3.2.2.2.5;S*G*EVUR--;1.X.3.2.2.2.5.png;1.X.3.2.2.2.5.svg
1.X.3.2.2.3;S*G*EVE---;1.X.3.2.2.3.png;1.X.3.2.2.3.svg
1.X.3.2.2.3.1;S*G*EVEB--;1.X.3.2.2.3.1.png;1.X.3.2.2.3.1.svg
1.X.3.2.2.3.2;S*G*EVEE--;1.X.3.2.2.3.2.png;1.X.3.2.2.3.2.svg
1.X.3.2.2.3.2.1;S*G*EVEE--;1.X.3.2.2.3.2.1.png;1.X.3.2.2.3.2.1.svg
1.X.3.2.2.3.3;S*G*EVEC--;1.X.3.2.2.3.3.png;1.X.3.2.2.3.3.svg
1.X.3.2.2.3.4;S*G*EVEM--;1.X.3.2.2.3.4.png;1.X.3.2.2.3.4.svg
1.X.3.2.2.3.4.1;S*G*EVEMA-;1.X.3.2.2.3.4.1.png;1.X.3.2.2.3.4.1.svg
1.X.3.2.2.3.4.2;S*G*EVEMT-;1.X.3.2.2.3.4.2.png;1.X.3.2.2.3.4.2.svg
1.X.3.2.2.3.4.3;S*G*EVEMV-;1.X.3.2.2.3.4.3.png;1.X.3.2.2.3.4.3.svg
1.X.3.2.2.3.4.5;S*G*EVEMSM;1.X.3.2.2.3.4.5.png;1.X.3.2.2.3.4.5.svg
1.X.3.2.2.3.5;S*G*EVED--;1.X.3.2.2.3.5.png;1.X.3.2.2.3.5.svg
1.X.3.2.2.3.6;S*G*EVD---;1.X.3.2.2.3.6.png;1.X.3.2.2.3.6.svg
1.X.3.2.2.4;S*G*EVST--;1.X.3.2.2.4.png;1.X.3.2.2.4.svg
1.X.3.2.2.5;S*G*EVC---;1.X.3.2.2.5.png;1.X.3.2.2.5.svg
1.X.3.2.3;S*G*ES----;1.X.3.2.3.png;1.X.3.2.3.svg
1.X.3.2.3.1;S*G*ESR---;1.X.3.2.3.1.png;1.X.3.2.3.1.svg
1.X.3.2.3.2;S*G*ESE---;1.X.3.2.3.2.png;1.X.3.2.3.2.svg
1.X.3.2.4;S*G*EX----;1.X.3.2.4.png;1.X.3.2.4.svg
1.X.3.2.4.1;S*G*EXL---;1.X.3.2.4.1.png;1.X.3.2.4.1.svg
1.X.3.2.4.2;S*G*EXN---;1.X.3.2.4.2.png;1.X.3.2.4.2.svg
1.X.3.2.4.3;S*G*EXF---;1.X.3.2.4.3.png;1.X.3.2.4.3.svg
1.X.3.2.4.4;S*G*EXM---;1.X.3.2.4.4.png;1.X.3.2.4.4.svg
1.X.3.2.4.4.1;S*G*EXMC--;1.X.3.2.4.4.1.png;1.X.3.2.4.4.1.svg
1.X.3.2.4.4.2;S*G*EXML--;1.X.3.2.4.4.2.png;1.X.3.2.4.4.2.svg
1.X.3.3;S*G*I-----;1.X.3.3.png;1.X.3.3.svg
1.X.3.3.1;S*G*IR----;1.X.3.3.1.png;1.X.3.3.1.svg
1.X.3.3.1.1;S*G*IRM---;1.X.3.3.1.1.png;1.X.3.3.1.1.svg
1.X.3.3.1.2;S*G*IRP---;1.X.3.3.1.2.png;1.X.3.3.1.2.svg
1.X.3.3.1.3;S*G*IRN---;1.X.3.3.1.3.png;1.X.3.3.1.3.svg
1.X.3.3.1.3.1;S*G*IRNB--;1.X.3.3.1.3.1.png;1.X.3.3.1.3.1.svg
1.X.3.3.1.3.2;S*G*IRNC--;1.X.3.3.1.3.2.png;1.X.3.3.1.3.2.svg
1.X.3.3.1.3.3;S*G*IRNN--;1.X.3.3.1.3.3.png;1.X.3.3.1.3.3.svg
1.X.3.3.2;S*G*IP----;1.X.3.3.2.png;1.X.3.3.2.svg
1.X.3.3.2.1;S*G*IPD---;1.X.3.3.2.1.png;1.X.3.3.2.1.svg
1.X.3.3.3;S*G*IE----;1.X.3.3.3.png;1.X.3.3.3.svg
1.X.3.3.4;S*G*IU----;1.X.3.3.4.png;1.X.3.3.4.svg
1.X.3.3.4.1;S*G*IUR---;1.X.3.3.4.1.png;1.X.3.3.4.1.svg
1.X.3.3.4.2;S*G*IUT---;1.X.3.3.4.2.png;1.X.3.3.4.2.svg
1.X.3.3.4.3;S*G*IUE---;1.X.3.3.4.3.png;1.X.3.3.4.3.svg
1.X.3.3.4.4;S*G*IUP---;1.X.3.3.4.4.png;1.X.3.3.4.4.svg
1.X.3.3.5;S*G*IM----;1.X.3.3.5.png;1.X.3.3.5.svg
1.X.3.3.5.1;S*G*IMF---;1.X.3.3.5.1.png;1.X.3.3.5.1.svg
1.X.3.3.5.2;S*G*IMA---;1.X.3.3.5.2.png;1.X.3.3.5.2.svg
1.X.3.3.5.3;S*G*IME---;1.X.3.3.5.3.png;1.X.3.3.5.3.svg
1.X.3.3.5.4;S*G*IMG---;1.X.3.3.5.4.png;1.X.3.3.5.4.svg
1.X.3.3.5.5;S*G*IMV---;1.X.3.3.5.5.png;1.X.3.3.5.5.svg
1.X.3.3.5.6;S*G*IMN---;1.X.3.3.5.6.png;1.X.3.3.5.6.svg
1.X.3.3.5.6.1;S*G*IMNB--;1.X.3.3.5.6.1.png;1.X.3.3.5.6.1.svg
1.X.3.3.5.7;S*G*IMC---;1.X.3.3.5.7.png;1.X.3.3.5.7.svg
1.X.3.3.5.8;S*G*IMS---;1.X.3.3.5.8.png;1.X.3.3.5.8.svg
1.X.3.3.5.9;S*G*IMM---;1.X.3.3.5.9.png;1.X.3.3.5.9.svg
1.X.3.3.6;S*G*IG----;1.X.3.3.6.png;1.X.3.3.6.svg
1.X.3.3.7;S*G*IB----;1.X.3.3.7.png;1.X.3.3.7.svg
1.X.3.3.7.1;S*G*IBA---;1.X.3.3.7.1.png;1.X.3.3.7.1.svg
1.X.3.3.7.2;S*G*IBN---;1.X.3.3.7.2.png;1.X.3.3.7.2.svg
1.X.3.3.8;S*G*IT----;1.X.3.3.8.png;1.X.3.3.8.svg
1.X.3.3.9;S*G*IX----;1.X.3.3.9.png;1.X.3.3.9.svg
1.X.3.3.9.1;S*G*IXH---;1.X.3.3.9.1.png;1.X.3.3.9.1.svg
1.X.3.4;S*G*IR----;1.X.3.4.png;1.X.3.4.svg
1.X.3.4.1;S*G*IRR---;1.X.3.4.1.png;1.X.3.4.1.svg
1.X.4;S*S*------;1.X.4.png;1.X.4.svg
1.X.4.1;S*S*C-----;1.X.4.1.png;1.X.4.1.svg
1.X.4.1.1;S*S*CL----;1.X.4.1.1.png;1.X.4.1.1.svg
1.X.4.1.1.1;S*S*CLCV--;1.X.4.1.1.1.png;1.X.4.1.1.1.svg
1.X.4.1.1.2;S*S*CLBB--;1.X.4.1.1.2.png;1.X.4.1.1.2.svg
1.X.4.1.1.3;S*S*CLCC--;1.X.4.1.1.3.png;1.X.4.1.1.3.svg
1.X.4.1.1.4;S*S*CLDD--;1.X.4.1.1.4.png;1.X.4.1.1.4.svg
1.X.4.1.1.5;S*S*CLFF--;1.X.4.1.1.5.png;1.X.4.1.1.5.svg
1.X.4.1.2;S*S*CA----;1.X.4.1.2.png;1.X.4.1.2.svg
1.X.4.1.2.1;S*S*CALA--;1.X.4.1.2.1.png;1.X.4.1.2.1.svg
1.X.4.1.2.2;S*S*CALS--;1.X.4.1.2.2.png;1.X.4.1.2.2.svg
1.X.4.1.2.3;S*S*CALC--;1.X.4.1.2.3.png;1.X.4.1.2.3.svg
1.X.4.1.3;S*S*CM----;1.X.4.1.3.png;1.X.4.1.3.svg
1.X.4.1.3.1;S*S*CMML--;1.X.4.1.3.1.png;1.X.4.1.3.1.svg
1.X.4.1.3.2;S*S*CMMS--;1.X.4.1.3.2.png;1.X.4.1.3.2.svg
1.X.4.1.3.3;S*S*CMMH--;1.X.4.1.3.3.png;1.X.4.1.3.3.svg
1.X.4.1.3.4;S*S*CMMA--;1.X.4.1.3.4.png;1.X.4.1.3.4.svg
1.X.4.1.3.5;S*S*CMMD--;1.X.4.1.3.5.png;1.X.4.1.3.5.svg
1.X.4.1.4;S*S*CP----;1.X.4.1.4.png;1.X.4.1.4.svg
1.X.4.1.4.1;S*S*CPSB--;1.X.4.1.4.1.png;1.X.4.1.4.1.svg
1.X.4.1.4.2;S*S*CPSU--;1.X.4.1.4.2.png;1.X.4.1.4.2.svg
1.X.4.1.5;S*S*CH----;1.X.4.1.5.png;1.X.4.1.5.svg
1.X.4.1.6;S*S*G-----;1.X.4.1.6.png;1.X.4.1.6.svg
1.X.4.1.6.1;S*S*GT----;1.X.4.1.6.1.png;1.X.4.1.6.1.svg
1.X.4.1.6.2;S*S*GG----;1.X.4.1.6.2.png;1.X.4.1.6.2.svg
1.X.4.1.6.3;S*S*GU----;1.X.4.1.6.3.png;1.X.4.1.6.3.svg
1.X.4.1.6.4;S*S*GE----;1.X.4.1.6.4.png;1.X.4.1.6.4.svg
1.X.4.1.6.5;S*S*GC----;1.X.4.1.6.5.png;1.X.4.1.6.5.svg
1.X.4.2;S*S*N-----;1.X.4.2.png;1.X.4.2.svg
1.X.4.2.1;S*S*NR----;1.X.4.2.1.png;1.X.4.2.1.svg
1.X.4.2.1.1;S*S*NRA---;1.X.4.2.1.1.png;1.X.4.2.1.1.svg
1.X.4.2.1.2;S*S*NRO---;1.X.4.2.1.2.png;1.X.4.2.1.2.svg
1.X.4.2.2;S*S*NFT---;1.X.4.2.2.png;1.X.4.2.2.svg
1.X.4.2.3;S*S*NI----;1.X.4.2.3.png;1.X.4.2.3.svg
1.X.4.2.4;S*S*NM----;1.X.4.2.4.png;1.X.4.2.4.svg
1.X.4.2.5;S*S*NR----;1.X.4.2.5.png;1.X.4.2.5.svg
1.X.4.2.6;S*S*NTS---;1.X.4.2.6.png;1.X.4.2.6.svg
1.X.4.2.7;S*S*NH----;1.X.4.2.7.png;1.X.4.2.7.svg
1.X.4.2.8;S*S*NS----;1.X.4.2.8.png;1.X.4.2.8.svg
1.X.4.3;S*S*X-----;1.X.4.3.png;1.X.4.3.svg
1.X.4.3.1;S*S*XM----;1.X.4.3.1.png;1.X.4.3.1.svg
1.X.4.3.1.1;S*S*XMC---;1.X.4.3.1.1.png;1.X.4.3.1.1.svg
1.X.4.3.1.2;S*S*XME---;1.X.4.3.1.2.png;1.X.4.3.1.2.svg
1.X.4.3.1.3;S*S*XMO---;1.X.4.3.1.3.png;1.X.4.3.1.3.svg
1.X.4.3.1.4;S*S*XMT---;1.X.4.3.1.4.png;1.X.4.3.1.4.svg
1.X.4.3.1.5;S*S*XMF---;1.X.4.3.1.5.png;1.X.4.3.1.5.svg
1.X.4.3.1.6;S*S*XMP---;1.X.4.3.1.6.png;1.X.4.3.1.6.svg
1.X.4.3.1.7;S*S*XMH---;1.X.4.3.1.7.png;1.X.4.3.1.7.svg
1.X.4.3.1.8;S*S*XMD---;1.X.4.3.1.8.png;1.X.4.3.1.8.svg
1.X.4.3.2;S*S*XF----;1.X.4.3.2.png;1.X.4.3.2.svg
1.X.4.3.2.1;S*S*XFDF--;1.X.4.3.2.1.png;1.X.4.3.2.1.svg
1.X.4.3.2.2;S*S*XFDR--;1.X.4.3.2.2.png;1.X.4.3.2.2.svg
1.X.4.3.2.3;S*S*XFTR--;1.X.4.3.2.3.png;1.X.4.3.2.3.svg
1.X.4.3.3;S*S*XR----;1.X.4.3.3.png;1.X.4.3.3.svg
1.X.4.3.4;S*S*XL----;1.X.4.3.4.png;1.X.4.3.4.svg
1.X.4.3.5;S*S*XH----;1.X.4.3.5.png;1.X.4.3.5.svg
1.X.4.4;S*S*O-----;1.X.4.4.png;1.X.4.4.svg
1.X.4.5;S*S*E-----;1.X.4.5.png;1.X.4.5.svg
1.X.4.5.1;S*S*ED----;1.X.4.5.1.png;1.X.4.5.1.svg
1.X.4.5.2;S*S*EP----;1.X.4.5.2.png;1.X.4.5.2.svg
1.X.4.5.3;S*S*EV----;1.X.4.5.3.png;1.X.4.5.3.svg
1.X.4.6;S*S*Z-----;1.X.4.6.png;1.X.4.6.svg
1.X.4.6.1;S*S*ZM----;1.X.4.6.1.png;1.X.4.6.1.svg
1.X.4.6.2;S*S*ZN----;1.X.4.6.2.png;1.X.4.6.2.svg
1.X.4.6.3;S*S*ZI----;1.X.4.6.3.png;1.X.4.6.3.svg
1.X.5;S*U*------;1.X.5.png;1.X.5.svg
1.X.5.1;S*U*S-----;1.X.5.1.png;1.X.5.1.svg
1.X.5.1.1;S*U*SN----;1.X.5.1.1.png;1.X.5.1.1.svg
1.X.5.1.2;S*U*SC----;1.X.5.1.2.png;1.X.5.1.2.svg
1.X.5.1.3;S*U*SO----;1.X.5.1.3.png;1.X.5.1.3.svg
1.X.5.2;S*U*W-----;1.X.5.2.png;1.X.5.2.svg
1.X.5.2.1;S*U*WT----;1.X.5.2.1.png;1.X.5.2.1.svg
1.X.5.2.2;S*U*WM----;1.X.5.2.2.png;1.X.5.2.2.svg
1.X.5.2.2.1;S*U*WMD---;1.X.5.2.2.1.png;1.X.5.2.2.1.svg
1.X.5.2.2.2;S*U*WMG---;1.X.5.2.2.2.png;1.X.5.2.2.2.svg
1.X.5.2.2.2.1;S*U*WMGD--;1.X.5.2.2.2.1.png;1.X.5.2.2.2.1.svg
1.X.5.2.2.3;S*U*WMM---;1.X.5.2.2.3.png;1.X.5.2.2.3.svg
1.X.5.2.2.3.1;S*U*WMMD--;1.X.5.2.2.3.1.png;1.X.5.2.2.3.1.svg
1.X.5.2.2.4;S*U*WMF---;1.X.5.2.2.4.png;1.X.5.2.2.4.svg
1.X.5.2.2.4.1;S*U*WMFD--;1.X.5.2.2.4.1.png;1.X.5.2.2.4.1.svg
1.X.5.2.2.5;S*U*WMO---;1.X.5.2.2.5.png;1.X.5.2.2.5.svg
1.X.5.2.2.5.1;S*U*WMOD--;1.X.5.2.2.5.1.png;1.X.5.2.2.5.1.svg
1.X.5.2.3;S*U*WV----;1.X.5.2.3.png;1.X.5.2.3.svg
1.X.5.3;S*U*WD----;1.X.5.3.png;1.X.5.3.svg
1.X.5.3.1;S*U*WDM---;1.X.5.3.1.png;1.X.5.3.1.svg
1.X.5.4;S*U*N-----;1.X.5.4.png;1.X.5.4.svg
1.X.5.4.1;S*U*ND----;1.X.5.4.1.png;1.X.5.4.1.svg
1.X.5.4.2;S*U*NB----;1.X.5.4.2.png;1.X.5.4.2.svg
1.X.5.4.2.1;S*U*NBS---;1.X.5.4.2.1.png;1.X.5.4.2.1.svg
1.X.5.4.2.2;S*U*NBR---;1.X.5.4.2.2.png;1.X.5.4.2.2.svg
1.X.5.4.2.3;S*U*NBW---;1.X.5.4.2.3.png;1.X.5.4.2.3.svg
1.X.5.4.3;S*U*NM----;1.X.5.4.3.png;1.X.5.4.3.svg
1.X.5.4.4;S*U*NA----;1.X.5.4.4.png;1.X.5.4.4.svg
1.X.6;S*F*------;1.X.6.png;1.X.6.svg
1.X.6.1;S*F*A-----;1.X.6.1.png;1.X.6.1.svg
1.X.6.1.1;S*F*AF----;1.X.6.1.1.png;1.X.6.1.1.svg
1.X.6.1.1.1;S*F*AFA---;1.X.6.1.1.1.png;1.X.6.1.1.1.svg
1.X.6.1.1.2;S*F*AFK---;1.X.6.1.1.2.png;1.X.6.1.1.2.svg
1.X.6.1.1.3;S*F*AFU---;1.X.6.1.1.3.png;1.X.6.1.1.3.svg
1.X.6.1.1.3.1;S*F*AFUL--;1.X.6.1.1.3.1.png;1.X.6.1.1.3.1.svg
1.X.6.1.1.3.2;S*F*AFUM--;1.X.6.1.1.3.2.png;1.X.6.1.1.3.2.svg
1.X.6.1.1.3.3;S*F*AFUH--;1.X.6.1.1.3.3.png;1.X.6.1.1.3.3.svg
1.X.6.1.2;S*F*AV----;1.X.6.1.2.png;1.X.6.1.2.svg
1.X.6.1.3;S*F*AH----;1.X.6.1.3.png;1.X.6.1.3.svg
1.X.6.1.3.1;S*F*AHH---;1.X.6.1.3.1.png;1.X.6.1.3.1.svg
1.X.6.1.3.2;S*F*AHA---;1.X.6.1.3.2.png;1.X.6.1.3.2.svg
1.X.6.1.3.3;S*F*AHU---;1.X.6.1.3.3.png;1.X.6.1.3.3.svg
1.X.6.1.3.3.1;S*F*AHUL--;1.X.6.1.3.3.1.png;1.X.6.1.3.3.1.svg
1.X.6.1.3.3.2;S*F*AHUM--;1.X.6.1.3.3.2.png;1.X.6.1.3.3.2.svg
1.X.6.1.3.3.3;S*F*AHUH--;1.X.6.1.3.3.3.png;1.X.6.1.3.3.3.svg
1.X.6.2;S*F*SN----;1.X.6.2.png;1.X.6.2.svg
1.X.6.2.1;S*F*SNS---;1.X.6.2.1.png;1.X.6.2.1.svg
1.X.6.2.2;S*F*SNU---;1.X.6.2.2.png;1.X.6.2.2.svg
1.X.6.2.3;S*F*SNB---;1.X.6.2.3.png;1.X.6.2.3.svg
1.X.6.2.4;S*F*SNN---;1.X.6.2.4.png;1.X.6.2.4.svg
1.X.6.3;S*F*G-----;1.X.6.3.png;1.X.6.3.svg
1.X.6.3.1;S*F*GS----;1.X.6.3.1.png;1.X.6.3.1.svg
1.X.6.3.2;S*F*GSR---;1.X.6.3.2.png;1.X.6.3.2.svg
1.X.6.3.3;S*F*GSP---;1.X.6.3.3.png;1.X.6.3.3.svg
1.X.6.3.3.1;S*F*GSPA--;1.X.6.3.3.1.png;1.X.6.3.3.1.svg
1.X.6.3.4;S*F*GCA---;1.X.6.3.4.png;1.X.6.3.4.svg
1.X.6.4;S*F*GB----;1.X.6.4.png;1.X.6.4.svg
2.X.1.1.9;G*T*GD----;2.X.1.1.9.png;2.X.1.1.9.svg
2.X.1.1.13;G*T*GI----;2.X.1.1.13.png;2.X.1.1.13.svg
2.X.1.1.15;G*T*GN----;2.X.1.1.15.png;2.X.1.1.15.svg
2.X.2.1.1.1.1.1;G*C*MGPFE-;2.X.2.1.1.1.1.1.png;2.X.2.1.1.1.1.1.svg
2.X.2.1.1.1.1.2;G*C*MGPFA-;2.X.2.1.1.1.1.2.png;2.X.2.1.1.1.1.2.svg
2.X.2.1.1.1.1.3;G*C*MGPFO-;2.X.2.1.1.1.1.3.png;2.X.2.1.1.1.1.3.svg
2.X.2.1.1.1.2;G*C*MGPI--;2.X.2.1.1.1.2.png;2.X.2.1.1.1.2.svg
2.X.2.1.2.1.1;G*C*MAAP--;2.X.2.1.2.1.1.png;2.X.2.1.2.1.1.svg
2.X.2.1.2.1.2;G*C*MAAC--;2.X.2.1.2.1.2.png;2.X.2.1.2.1.2.svg
2.X.2.1.2.1.3;G*C*MAAU--;2.X.2.1.2.1.3.png;2.X.2.1.2.1.3.svg
2.X.2.1.2.1.4;G*C*MAAD--;2.X.2.1.2.1.4.png;2.X.2.1.2.1.4.svg
2.X.2.1.3.6;G*C*MDN---;2.X.2.1.3.6.png;2.X.2.1.3.6.svg
2.X.2.1.4.1.1;G*C*MMPT--;2.X.2.1.4.1.1.png;2.X.2.1.4.1.1.svg
2.X.2.1.4.1.4;G*C*MMPO--;2.X.2.1.4.1.4.png;2.X.2.1.4.1.4.svg
2.X.2.1.4.1.4.1;G*C*MMPOC-;2.X.2.1.4.1.4.1.png;2.X.2.1.4.1.4.1.svg
2.X.2.1.4.1.4.2;G*C*MMPOR-;2.X.2.1.4.1.4.2.png;2.X.2.1.4.1.4.2.svg
2.X.2.1.4.1.4.3;G*C*MMPOF-;2.X.2.1.4.1.4.3.png;2.X.2.1.4.1.4.3.svg
2.X.2.1.4.1.4.4;G*C*MMPOS-;2.X.2.1.4.1.4.4.png;2.X.2.1.4.1.4.4.svg
2.X.2.1.4.1.4.5;G*C*MMPON-;2.X.2.1.4.1.4.5.png;2.X.2.1.4.1.4.5.svg
2.X.2.1.4.1.4.6;G*C*MMPON-;2.X.2.1.4.1.4.6.png;2.X.2.1.4.1.4.6.svg
2.X.2.1.4.1.4.7;G*C*MMPON-;2.X.2.1.4.1.4.7.png;2.X.2.1.4.1.4.7.svg
2.X.2.1.5.1.1;G*C*MOPD--;2.X.2.1.5.1.1.png;2.X.2.1.5.1.1.svg
2.X.2.2.1.3.3;G*C*BOATD-;2.X.2.2.1.3.3.png;2.X.2.2.1.3.3.svg
2.X.2.2.1.4;G*C*BOAB--;2.X.2.2.1.4.png;2.X.2.2.1.4.svg
2.X.2.2.1.5.1;G*C*BOAMA-;2.X.2.2.1.5.1.png;2.X.2.2.1.5.1.svg
2.X.2.2.1.5.2;G*C*BOAMT-;2.X.2.2.1.5.2.png;2.X.2.2.1.5.2.svg
2.X.2.2.1.5.3;G*C*BOAMD-;2.X.2.2.1.5.3.png;2.X.2.2.1.5.3.svg
2.X.2.2.1.5.4;G*C*BOAMC-;2.X.2.2.1.5.4.png;2.X.2.2.1.5.4.svg
2.X.2.2.1.5.5;G*C*BOAMU-;2.X.2.2.1.5.5.png;2.X.2.2.1.5.5.svg
2.X.2.2.1.6.1;G*C*BOAIP-;2.X.2.2.1.6.1.png;2.X.2.2.1.6.1.svg
2.X.2.2.1.6.2;G*C*BOAIC-;2.X.2.2.1.6.2.png;2.X.2.2.1.6.2.svg
2.X.2.2.1.6.5;G*C*BOAIN-;2.X.2.2.1.6.5.png;2.X.2.2.1.6.5.svg
2.X.2.2.1.6.6;G*C*BOAIS-;2.X.2.2.1.6.6.png;2.X.2.2.1.6.6.svg
2.X.2.2.1.6.7;G*C*BOAIH-;2.X.2.2.1.6.7.png;2.X.2.2.1.6.7.svg
2.X.2.2.1.6.8;G*C*BOAID-;2.X.2.2.1.6.8.png;2.X.2.2.1.6.8.svg
2.X.2.2.2.2.8;G*C*BYCG--;2.X.2.2.2.2.8.png;2.X.2.2.2.2.8.svg
2.X.2.2.3.1;G*C*BSE---;2.X.2.2.3.1.png;2.X.2.2.3.1.svg
2.X.2.2.3.2;G*C*BSF---;2.X.2.2.3.2.png;2.X.2.2.3.2.svg
2.X.2.2.3.6;G*C*BSH---;2.X.2.2.3.6.png;2.X.2.2.3.6.svg
2.X.2.2.3.7;G*C*BSU---;2.X.2.2.3.7.png;2.X.2.2.3.7.svg
2.X.2.2.4.2;G*C*BWN---;2.X.2.2.4.2.png;2.X.2.2.4.2.svg
2.X.2.2.4.3;G*C*BWE---;2.X.2.2.4.3.png;2.X.2.2.4.3.svg
2.X.2.2.4.4;G*C*BWI---;2.X.2.2.4.4.png;2.X.2.2.4.4.svg
2.X.2.2.4.5;G*C*BWF---;2.X.2.2.4.5.png;2.X.2.2.4.5.svg
2.X.2.2.4.6;G*C*BWP---;2.X.2.2.4.6.png;2.X.2.2.4.6.svg
2.X.2.2.4.11.1;G*C*BWDP--;2.X.2.2.4.11.1.png;2.X.2.2.4.11.1.svg
2.X.2.2.4.11.2;G*C*BWDA--;2.X.2.2.4.11.2.png;2.X.2.2.4.11.2.svg
2.X.2.2.4.11.3;G*C*BWDT--;2.X.2.2.4.11.3.png;2.X.2.2.4.11.3.svg
2.X.2.2.4.11.4;G*C*BWDE--;2.X.2.2.4.11.4.png;2.X.2.2.4.11.4.svg
2.X.2.2.4.11.5;G*C*BWDS--;2.X.2.2.4.11.5.png;2.X.2.2.4.11.5.svg
2.X.2.2.4.11.6;G*C*BWDO--;2.X.2.2.4.11.6.png;2.X.2.2.4.11.6.svg
2.X.2.2.4.11.7;G*C*BWDG--;2.X.2.2.4.11.7.png;2.X.2.2.4.11.7.svg
2.X.2.2.4.11.8;G*C*BWDEM-;2.X.2.2.4.11.8.png;2.X.2.2.4.11.8.svg
2.X.2.2.4.11.9;G*C*BWDTF-;2.X.2.2.4.11.9.png;2.X.2.2.4.11.9.svg
2.X.2.3.1.1.1;G*C*FSTP--;2.X.2.3.1.1.1.png;2.X.2.3.1.1.1.svg
2.X.2.3.1.2;G*C*FSS---;2.X.2.3.1.2.png;2.X.2.3.1.2.svg
2.X.2.3.3.9;G*C*FAU---;2.X.2.3.3.9.png;2.X.2.3.3.9.svg
2.X.2.4.1.1;G*C*SPA---;2.X.2.4.1.1.png;2.X.2.4.1.1.svg
2.X.2.4.1.2;G*C*SPC---;2.X.2.4.1.2.png;2.X.2.4.1.2.svg
2.X.2.4.1.3;G*C*SPY---;2.X.2.4.1.3.png;2.X.2.4.1.3.svg
2.X.2.4.1.4;G*C*SPT---;2.X.2.4.1.4.png;2.X.2.4.1.4.svg
2.X.2.4.1.5;G*C*SPD---;2.X.2.4.1.5.png;2.X.2.4.1.5.svg
2.X.2.4.1.6;G*C*SPE---;2.X.2.4.1.6.png;2.X.2.4.1.6.svg
2.X.2.4.1.7;G*C*SPL---;2.X.2.4.1.7.png;2.X.2.4.1.7.svg
2.X.2.4.1.8;G*C*SPM---;2.X.2.4.1.8.png;2.X.2.4.1.8.svg
2.X.2.4.1.9;G*C*SPR---;2.X.2.4.1.9.png;2.X.2.4.1.9.svg
2.X.2.4.1.10;G*C*SPU---;2.X.2.4.1.10.png;2.X.2.4.1.10.svg
2.X.2.4.1.11;G*C*SPO---;2.X.2.4.1.11.png;2.X.2.4.1.11.svg
2.X.2.4.1.12;G*C*SPI---;2.X.2.4.1.12.png;2.X.2.4.1.12.svg
2.X.2.4.1.13;G*C*SPN---;2.X.2.4.1.13.png;2.X.2.4.1.13.svg
2.X.2.4.1.14.1;G*C*SPQT--;2.X.2.4.1.14.1.png;2.X.2.4.1.14.1.svg
2.X.2.4.1.14.2;G*C*SPQA--;2.X.2.4.1.14.2.png;2.X.2.4.1.14.2.svg
2.X.2.4.1.14.3;G*C*SPQB--;2.X.2.4.1.14.3.png;2.X.2.4.1.14.3.svg
2.X.2.4.1.14.4;G*C*SPQC--;2.X.2.4.1.14.4.png;2.X.2.4.1.14.4.svg
2.X.2.4.1.14.5;G*C*SPQD--;2.X.2.4.1.14.5.png;2.X.2.4.1.14.5.svg
2.X.2.4.1.14.6;G*C*SPQE--;2.X.2.4.1.14.6.png;2.X.2.4.1.14.6.svg
2.X.2.4.1.14.7;G*C*SPQF--;2.X.2.4.1.14.7.png;2.X.2.4.1.14.7.svg
2.X.2.4.1.14.8;G*C*SPQG--;2.X.2.4.1.14.8.png;2.X.2.4.1.14.8.svg
2.X.2.4.1.14.9;G*C*SPQH--;2.X.2.4.1.14.9.png;2.X.2.4.1.14.9.svg
2.X.2.4.1.14.10;G*C*SPQI--;2.X.2.4.1.14.10.png;2.X.2.4.1.14.10.svg
2.X.2.4.1.14.11;G*C*SPQJ--;2.X.2.4.1.14.11.png;2.X.2.4.1.14.11.svg
2.X.2.4.1.15.1;G*C*SPMA--;2.X.2.4.1.15.1.png;2.X.2.4.1.15.1.svg
2.X.2.4.1.15.2;G*C*SPMT--;2.X.2.4.1.15.2.png;2.X.2.4.1.15.2.svg
2.X.2.5.1;G*C*OX----;2.X.2.5.1.png;2.X.2.5.1.svg
2.X.2.5.1.1.1;G*C*OXRN--;2.X.2.5.1.1.1.png;2.X.2.5.1.1.1.svg
2.X.2.5.1.1.2;G*C*OXRD--;2.X.2.5.1.1.2.png;2.X.2.5.1.1.2.svg
2.X.2.5.1.2.1;G*C*OXUD--;2.X.2.5.1.2.1.png;2.X.2.5.1.2.1.svg
2.X.2.5.1.2.2;G*C*OXUB--;2.X.2.5.1.2.2.png;2.X.2.5.1.2.2.svg
2.X.2.5.1.2.3;G*C*OXUL--;2.X.2.5.1.2.3.png;2.X.2.5.1.2.3.svg
2.X.2.5.1.2.4;G*C*OXUS--;2.X.2.5.1.2.4.png;2.X.2.5.1.2.4.svg
2.X.2.5.1.3.1;G*C*OXWA--;2.X.2.5.1.3.1.png;2.X.2.5.1.3.1.svg
2.X.2.5.1.3.2;G*C*OXWD--;2.X.2.5.1.3.2.png;2.X.2.5.1.3.2.svg
2.X.2.5.1.3.3;G*C*OXWE--;2.X.2.5.1.3.3.png;2.X.2.5.1.3.3.svg
2.X.2.5.1.3.4;G*C*OXWG--;2.X.2.5.1.3.4.png;2.X.2.5.1.3.4.svg
2.X.2.5.1.3.5;G*C*OXWM--;2.X.2.5.1.3.5.png;2.X.2.5.1.3.5.svg
2.X.2.5.1.3.6;G*C*OXWI--;2.X.2.5.1.3.6.png;2.X.2.5.1.3.6.svg
2.X.2.5.1.3.7;G*C*OXWP--;2.X.2.5.1.3.7.png;2.X.2.5.1.3.7.svg
2.X.2.5.1.4;G*C*OXY---;2.X.2.5.1.4.png;2.X.2.5.1.4.svg
2.X.2.5.1.4.1;G*C*OXYP--;2.X.2.5.1.4.1.png;2.X.2.5.1.4.1.svg
2.X.2.5.1.4.2;G*C*OXYD--;2.X.2.5.1.4.2.png;2.X.2.5.1.4.2.svg
2.X.2.5.1.4.3;G*C*OXYL--;2.X.2.5.1.4.3.png;2.X.2.5.1.4.3.svg
2.X.2.5.1.4.4;G*C*OXYC--;2.X.2.5.1.4.4.png;2.X.2.5.1.4.4.svg
2.X.2.5.1.4.5;G*C*OXYS--;2.X.2.5.1.4.5.png;2.X.2.5.1.4.5.svg
2.X.2.5.1.4.6;G*C*OXYB--;2.X.2.5.1.4.6.png;2.X.2.5.1.4.6.svg
2.X.2.5.1.4.7;G*C*OXYA--;2.X.2.5.1.4.7.png;2.X.2.5.1.4.7.svg
2.X.2.5.1.4.8;G*C*OXYV--;2.X.2.5.1.4.8.png;2.X.2.5.1.4.8.svg
2.X.2.5.1.4.9;G*C*OXYT--;2.X.2.5.1.4.9.png;2.X.2.5.1.4.9.svg
2.X.2.5.1.4.10;G*C*OXYR--;2.X.2.5.1.4.10.png;2.X.2.5.1.4.10.svg
2.X.2.5.1.4.11;G*C*OXYK--;2.X.2.5.1.4.11.png;2.X.2.5.1.4.11.svg
2.X.2.5.1.5;G*C*OXN---;2.X.2.5.1.5.png;2.X.2.5.1.5.svg
2.X.2.5.1.6;G*C*OXH---;2.X.2.5.1.6.png;2.X.2.5.1.6.svg
2.X.2.5.1.6.1;G*C*OXHQ--;2.X.2.5.1.6.1.png;2.X.2.5.1.6.1.svg
2.X.2.5.1.6.2;G*C*OXHA--;2.X.2.5.1.6.2.png;2.X.2.5.1.6.2.svg
2.X.2.5.1.6.3;G*C*OXHY--;2.X.2.5.1.6.3.png;2.X.2.5.1.6.3.svg
2.X.2.5.1.6.4;G*C*OXHX--;2.X.2.5.1.6.4.png;2.X.2.5.1.6.4.svg
2.X.2.5.1.7;G*C*OXR---;2.X.2.5.1.7.png;2.X.2.5.1.7.svg
2.X.2.5.1.7.1;G*C*OXRR--;2.X.2.5.1.7.1.png;2.X.2.5.1.7.1.svg
2.X.2.5.1.7.2;G*C*OXRD--;2.X.2.5.1.7.2.png;2.X.2.5.1.7.2.svg
2.X.2.5.1.7.3;G*C*OXRW--;2.X.2.5.1.7.3.png;2.X.2.5.1.7.3.svg
2.X.2.5.1.7.4;G*C*OXRP--;2.X.2.5.1.7.4.png;2.X.2.5.1.7.4.svg
2.X.2.5.1.7.5;G*C*OXRT--;2.X.2.5.1.7.5.png;2.X.2.5.1.7.5.svg
2.X.2.5.1.8.1;G*C*OXSTC-;2.X.2.5.1.8.1.png;2.X.2.5.1.8.1.svg
2.X.2.5.1.8.1.1;G*C*OXSTCP;2.X.2.5.1.8.1.1.png;2.X.2.5.1.8.1.1.svg
2.X.2.5.1.8.1.2;G*C*OXSTCA;2.X.2.5.1.8.1.2.png;2.X.2.5.1.8.1.2.svg
2.X.2.5.1.8.2;G*C*OXSTR-;2.X.2.5.1.8.2.png;2.X.2.5.1.8.2.svg
2.X.2.5.1.8.3;G*C*OXSTH-;2.X.2.5.1.8.3.png;2.X.2.5.1.8.3.svg
2.X.2.5.1.8.4;G*C*OXSTS-;2.X.2.5.1.8.4.png;2.X.2.5.1.8.4.svg
2.X.2.5.1.8.5;G*C*OXSTSA;2.X.2.5.1.8.5.png;2.X.2.5.1.8.5.svg
2.X.2.5.1.9;G*C*OXS---;2.X.2.5.1.9.png;2.X.2.5.1.9.svg
2.X.2.5.1.9.1;G*C*OXSA--;2.X.2.5.1.9.1.png;2.X.2.5.1.9.1.svg
2.X.2.5.1.9.2;G*C*OXSD--;2.X.2.5.1.9.2.png;2.X.2.5.1.9.2.svg
2.X.2.5.1.9.3;G*C*OXSC--;2.X.2.5.1.9.3.png;2.X.2.5.1.9.3.svg
2.X.2.5.1.10.1;G*C*OXAC--;2.X.2.5.1.10.1.png;2.X.2.5.1.10.1.svg
2.X.2.5.1.10.2;G*C*OXAA--;2.X.2.5.1.10.2.png;2.X.2.5.1.10.2.svg
2.X.2.5.1.10.3;G*C*OXAT--;2.X.2.5.1.10.3.png;2.X.2.5.1.10.3.svg
2.X.2.5.1.10.4;G*C*OXAK--;2.X.2.5.1.10.4.png;2.X.2.5.1.10.4.svg
2.X.2.5.1.10.5;G*C*OXAF--;2.X.2.5.1.10.5.png;2.X.2.5.1.10.5.svg
2.X.2.5.1.10.6;G*C*OXAH--;2.X.2.5.1.10.6.png;2.X.2.5.1.10.6.svg
2.X.2.5.1.10.7;G*C*OXAO--;2.X.2.5.1.10.7.png;2.X.2.5.1.10.7.svg
2.X.2.5.1.10.8;G*C*OXAR--;2.X.2.5.1.10.8.png;2.X.2.5.1.10.8.svg
2.X.2.5.1.10.9;G*C*OXAP--;2.X.2.5.1.10.9.png;2.X.2.5.1.10.9.svg
2.X.2.5.1.10.10;G*C*OXAM--;2.X.2.5.1.10.10.png;2.X.2.5.1.10.10.svg
2.X.2.5.1.10.11;G*C*OXAS--;2.X.2.5.1.10.11.png;2.X.2.5.1.10.11.svg
2.X.2.5.1.10.12;G*C*OXAD--;2.X.2.5.1.10.12.png;2.X.2.5.1.10.12.svg
2.X.2.5.2;G*C*OG----;2.X.2.5.2.png;2.X.2.5.2.svg
2.X.2.5.2.1;G*C*OGC---;2.X.2.5.2.1.png;2.X.2.5.2.1.svg
2.X.2.5.2.2;G*C*OGP---;2.X.2.5.2.2.png;2.X.2.5.2.2.svg
2.X.2.5.2.3;G*C*OGT---;2.X.2.5.2.3.png;2.X.2.5.2.3.svg
2.X.2.5.2.4;G*C*OGD---;2.X.2.5.2.4.png;2.X.2.5.2.4.svg
2.X.2.5.2.5;G*C*OGL---;2.X.2.5.2.5.png;2.X.2.5.2.5.svg
2.X.2.5.2.6;G*C*OGN---;2.X.2.5.2.6.png;2.X.2.5.2.6.svg
2.X.2.5.2.7;G*C*OGR---;2.X.2.5.2.7.png;2.X.2.5.2.7.svg
2.X.2.5.2.8;G*C*OGS---;2.X.2.5.2.8.png;2.X.2.5.2.8.svg
2.X.2.5.2.9;G*C*OGI---;2.X.2.5.2.9.png;2.X.2.5.2.9.svg
2.X.2.5.2.10;G*C*OGW---;2.X.2.5.2.10.png;2.X.2.5.2.10.svg
2.X.3.1.1;G*O*VA----;2.X.3.1.1.png;2.X.3.1.1.svg
2.X.3.1.2;G*O*VR----;2.X.3.1.2.png;2.X.3.1.2.svg
2.X.3.1.3;G*O*VE----;2.X.3.1.3.png;2.X.3.1.3.svg
2.X.3.1.4;G*O*VB----;2.X.3.1.4.png;2.X.3.1.4.svg
2.X.3.1.5;G*O*VY----;2.X.3.1.5.png;2.X.3.1.5.svg
2.X.3.1.6;G*O*VD----;2.X.3.1.6.png;2.X.3.1.6.svg
2.X.3.1.7;G*O*VI----;2.X.3.1.7.png;2.X.3.1.7.svg
2.X.3.1.8;G*O*VM----;2.X.3.1.8.png;2.X.3.1.8.svg
2.X.3.1.9;G*O*VK----;2.X.3.1.9.png;2.X.3.1.9.svg
2.X.3.1.10;G*O*VS----;2.X.3.1.10.png;2.X.3.1.10.svg
2.X.3.1.11;G*O*VP----;2.X.3.1.11.png;2.X.3.1.11.svg
2.X.3.1.12;G*O*VU----;2.X.3.1.12.png;2.X.3.1.12.svg
2.X.3.1.13;G*O*VC----;2.X.3.1.13.png;2.X.3.1.13.svg
2.X.3.1.14;G*O*VH----;2.X.3.1.14.png;2.X.3.1.14.svg
2.X.3.1.15;G*O*VF----;2.X.3.1.15.png;2.X.3.1.15.svg
2.X.3.1.16;G*O*VO----;2.X.3.1.16.png;2.X.3.1.16.svg
2.X.3.1.17;G*O*VL----;2.X.3.1.17.png;2.X.3.1.17.svg
2.X.3.1.18;G*O*VX----;2.X.3.1.18.png;2.X.3.1.18.svg
2.X.3.1.19;G*O*VZ----;2.X.3.1.19.png;2.X.3.1.19.svg
2.X.3.2.1;G*O*LB----;2.X.3.2.1.png;2.X.3.2.1.svg
2.X.3.2.2;G*O*LG----;2.X.3.2.2.png;2.X.3.2.2.svg
2.X.3.2.3;G*O*LW----;2.X.3.2.3.png;2.X.3.2.3.svg
2.X.3.3.1;G*O*PR----;2.X.3.3.1.png;2.X.3.3.1.svg
2.X.3.3.1.1;G*O*PRB---;2.X.3.3.1.1.png;2.X.3.3.1.1.svg
2.X.3.3.2;G*O*PT----;2.X.3.3.2.png;2.X.3.3.2.svg
2.X.3.3.3;G*O*PC----;2.X.3.3.3.png;2.X.3.3.3.svg
2.X.3.3.3.1;G*O*PCU---;2.X.3.3.3.1.png;2.X.3.3.3.1.svg
2.X.3.3.4;G*O*PD----;2.X.3.3.4.png;2.X.3.3.4.svg
2.X.3.3.5;G*O*PM----;2.X.3.3.5.png;2.X.3.3.5.svg
2.X.3.3.6;G*O*PH----;2.X.3.3.6.png;2.X.3.3.6.svg
2.X.3.3.6.1;G*O*PHY---;2.X.3.3.6.1.png;2.X.3.3.6.1.svg
2.X.3.3.6.2;G*O*PHW---;2.X.3.3.6.2.png;2.X.3.3.6.2.svg
2.X.3.3.6.3;G*O*PHG---;2.X.3.3.6.3.png;2.X.3.3.6.3.svg
2.X.3.3.6.4;G*O*PHT---;2.X.3.3.6.4.png;2.X.3.3.6.4.svg
2.X.3.3.7;G*O*PG----;2.X.3.3.7.png;2.X.3.3.7.svg
2.X.3.3.8;G*O*PS----;2.X.3.3.8.png;2.X.3.3.8.svg
2.X.3.3.9;G*O*PF----;2.X.3.3.9.png;2.X.3.3.9.svg
2.X.3.3.10;G*O*PI----;2.X.3.3.10.png;2.X.3.3.10.svg
2.X.3.3.11;G*O*PE----;2.X.3.3.11.png;2.X.3.3.11.svg
2.X.3.3.12;G*O*PX----;2.X.3.3.12.png;2.X.3.3.12.svg
2.X.3.3.13.1;G*O*PJV---;2.X.3.3.13.1.png;2.X.3.3.13.1.svg
2.X.3.3.13.2;G*O*PJA---;2.X.3.3.13.2.png;2.X.3.3.13.2.svg
2.X.3.3.13.3;G*O*PJB---;2.X.3.3.13.3.png;2.X.3.3.13.3.svg
2.X.3.3.14;G*O*PK----;2.X.3.3.14.png;2.X.3.3.14.svg
2.X.3.3.15;G*O*PA----;2.X.3.3.15.png;2.X.3.3.15.svg
2.X.3.3.16;G*O*PO----;2.X.3.3.16.png;2.X.3.3.16.svg
2.X.3.4.1;G*O*IR----;2.X.3.4.1.png;2.X.3.4.1.svg
2.X.3.4.2;G*O*IS----;2.X.3.4.2.png;2.X.3.4.2.svg
2.X.3.4.3;G*O*IG----;2.X.3.4.3.png;2.X.3.4.3.svg
2.X.3.4.4;G*O*IV----;2.X.3.4.4.png;2.X.3.4.4.svg
2.X.3.4.5;G*O*IK----;2.X.3.4.5.png;2.X.3.4.5.svg
2.X.3.4.6;G*O*ID----;2.X.3.4.6.png;2.X.3.4.6.svg
2.X.3.4.7;G*O*IF----;2.X.3.4.7.png;2.X.3.4.7.svg
