CODE;SYMBOL_CODE;DESCRIPTION
1.X.1;S*P*------;SPACE TRACK
1.X.1.1;S*P*S-----;SATELLITE
1.X.1.2;S*P*V-----;CREWED SPACE VEHICLE
1.X.1.3;S*P*T-----;SPACE STATION
1.X.2;S*A*------;AIR TRACK
1.X.2.1;S*A*M-----;MILITARY
1.X.2.1.1;S*A*MF----;FIXED WING
1.X.2.1.1.1;S*A*MFB---;BOMBER
1.X.2.1.1.2;S*A*MFF---;FIGHTER
1.X.2.1.1.2.1;S*A*MFFI--;INTERCEPTOR
1.X.2.1.1.3;S*A*MFT---;TRAINER
1.X.2.1.1.4;S*A*MFA---;ATTACK/STRIKE
1.X.2.1.1.5;S*A*MFL---;VSTOL
1.X.2.1.1.6;S*A*MFK---;TANKER
1.X.2.1.1.7;S*A*MFC---;CARGO AIRLIFT (TRANSPORT)
1.X.2.1.1.7.1;S*A*MFCL--;CARGO AIRLIFT (LIGHT)
1.X.2.1.1.7.2;S*A*MFCM--;CARGO AIRLIFT (MEDIUM)
1.X.2.1.1.7.3;S*A*MFCH--;CARGO AIRLIFT (HEAVY)
1.X.2.1.1.8;S*A*MFJ---;ELECTRONIC COUNTERMEASURES(ECM/JAMMER)
1.X.2.1.1.9;S*A*MFO---;MEDEVAC
1.X.2.1.1.10;S*A*MFR---;RECONNAISSANCE
1.X.2.1.1.10.1;S*A*MFRW--;AIRBORNE EARLY WARNING (AEW)
1.X.2.1.1.10.2;S*A*MFRZ--;ELECTRONIC SURVEILLANCE MEASURES
1.X.2.1.1.10.3;S*A*MFRX--;PHOTOGRAPHIC
1.X.2.1.1.11;S*A*MFP---;PATROL
1.X.2.1.1.11.1;S*A*MFPN--;ANTI SURFACE WARFARE/ASUW
1.X.2.1.1.11.2;S*A*MFPM--;MINE COUNTER MEASURES
1.X.2.1.1.12;S*A*MFU---;UTILITY
1.X.2.1.1.12.1;S*A*MFUL--;UTILITY (LIGHT)
1.X.2.1.1.12.2;S*A*MFUM--;UTILITY (MEDIUM)
1.X.2.1.1.12.3;S*A*MFUH--;UTILITY (HEAVY)
1.X.2.1.1.13;S*A*MFY---;COMMUNICATIONS (C3I)
1.X.2.1.1.14;S*A*MFH---;SEARCH AND RESCUE (CSAR)
1.X.2.1.1.15;S*A*MFD---;AIRBORNE COMMAND POST (C2)
1.X.2.1.1.16;S*A*MFQ---;DRONE (RPV/UAV)
1.X.2.1.1.17;S*A*MFS---;ANTI SUBMARINE WARFARE (ASW) CARRIER BASED
1.X.2.1.1.18;S*A*MFM---;SPECIAL OPERATIONS FORCE (SOF)
1.X.2.1.2;S*A*MH----;ROTARY WING
1.X.2.1.2.1;S*A*MHA---;ATTACK
1.X.2.1.2.2;S*A*MHS---;ANTISUBMARINE WARFARE
1.X.2.1.2.3;S*A*MHU---;UTILITY
1.X.2.1.2.3.1;S*A*MHUL--;UTILITY (LIGHT)
1.X.2.1.2.3.2;S*A*MHUM--;UTILITY (MEDIUM)
1.X.2.1.2.3.3;S*A*MHUH--;UTILITY (HEAVY)
1.X.2.1.2.4;S*A*MHI---;MINE COUNTER MEASURES
1.X.2.1.2.5;S*A*MHH---;COMBAT SEARCH AND RESCUE (CSAR)
1.X.2.1.2.6;S*A*MHR---;RECONNAISSANCE
1.X.2.1.2.7;S*A*MHQ---;DRONE (RPV/UAV)
1.X.2.1.2.8;S*A*MHC---;CARGO AIRLIFT (TRANSPORT)
1.X.2.1.2.8.1;S*A*MHCL--;CARGO AIRLIFT (LIGHT)
1.X.2.1.2.8.2;S*A*MHCM--;CARGO AIRLIFT (MEDIUM)
1.X.2.1.2.8.3;S*A*MHCH--;CARGO AIRLIFT (HEAVY)
1.X.2.1.2.9;S*A*MHT---;TRAINER
1.X.2.1.2.10;S*A*MHO---;MEDEVAC
1.X.2.1.2.11;S*A*MHM---;SPECIAL OPERATIONS FORCE (SOF)
1.X.2.1.2.12;S*A*MHD---;AIRBORNE COMMAND POST (C2)
1.X.2.1.2.13;S*A*MHK---;TANKER
1.X.2.1.2.14;S*A*MHJ---;ELECTRONIC COUNTER MEASURES (ECM/JAMMER)
1.X.2.1.3;S*A*ML----;LIGHTER THAN AIR
1.X.2.2;S*A*W-----;WEAPON
1.X.2.2.1;S*A*WM----;MISSILE IN FLIGHT
1.X.2.2.1.1;S*A*WMS---;SURFACE/LAND LAUNCHED MISSILE
1.X.2.2.1.1.1;S*A*WMSS--;SURFACE TO SURFACE MISSILE (SSM)
1.X.2.2.1.1.2;S*A*WMSA--;SURFACE TO AIR MISSILE (SAM)
1.X.2.2.1.2;S*A*WMA---;AIR LAUNCHED MISSILE
1.X.2.2.1.2.1;S*A*WMAS--;AIR TO SURFACE MISSILE (ASM)
1.X.2.2.1.2.2;S*A*WMAA--;AIR TO AIR MISSILE (AAM)
1.X.2.2.1.3;S*A*WMU---;SUBSURFACE TO SURFACE MISSILE (S/SSM)
1.X.2.2.1.4;S*A*WML---;LAND ATTACK MISSILE
1.X.2.2.2;S*A*WD----;DECOY
1.X.2.3;S*A*C-----;CIVIL AIRCRAFT
1.X.2.3.1;S*A*CF----;FIXED WING
1.X.2.3.2;S*A*CH----;ROTARY WING
1.X.2.3.3;S*A*CL----;LIGHTER THAN AIR
1.X.3;S*G*------;GROUND TRACK
1.X.3.1;S*G*U-----;UNIT
1.X.3.1.1;S*G*UC----;COMBAT
1.X.3.1.1.1;S*G*UCD---;AIR DEFENCE
1.X.3.1.1.1.1;S*G*UCDS--;SHORT RANGE
1.X.3.1.1.1.1.1;S*G*UCDS--;MISSILE
1.X.3.1.1.1.1.2;S*G*UCDS--;GUN
1.X.3.1.1.1.2;S*G*UCDM--;AIR DEFENCE MISSILE
1.X.3.1.1.1.2.1;S*G*UCDML-;AIR DEFENCE MISSILE LIGHT
1.X.3.1.1.1.2.1.1;S*G*UCDMLA;AIR DEFENCE MISSILE MOTORIZED
1.X.3.1.1.1.2.2;S*G*UCDMM-;AIR DEFENCE MISSILE MEDIUM
1.X.3.1.1.1.2.3;S*G*UCDMH-;AIR DEFENCE MISSILE HEAVY
1.X.3.1.1.1.2.4;S*G*UCDH--;H/MAD
1.X.3.1.1.1.3;S*G*UCDG--;GUN UNIT
1.X.3.1.1.1.4;S*G*UCDC--;COMPOSITE
1.X.3.1.1.1.5;S*G*UCDT--;TARGETING UNIT
1.X.3.1.1.1.6;S*G*UCDO--;THEATRE MISSILE DEFENCE UNIT
1.X.3.1.1.2;S*G*UCA---;ARMOUR
1.X.3.1.1.2.1;S*G*UCAT--;ARMOUR TRACK
1.X.3.1.1.2.1.1;S*G*UCATA-;ARMOUR TRACK AIRBORNE
1.X.3.1.1.2.1.2;S*G*UCATW-;ARMOUR TRACK AMPHIBIOUS
1.X.3.1.1.2.1.2.1;S*G*UCATWR;ARMOUR TRACK AMPHIBIOUS RECOVERY
1.X.3.1.1.2.1.3;S*G*UCATL-;"ARMOUR TRACK, LIGHT"
1.X.3.1.1.2.1.4;S*G*UCATM-;"ARMOUR TRACK, MEDIUM"
1.X.3.1.1.2.1.5;S*G*UCATH-;"ARMOUR TRACK, HEAVY"
1.X.3.1.1.2.1.6;S*G*UCATR-;"ARMOUR TRACK, RECOVERY"
1.X.3.1.1.2.2;S*G*UCAW--;"ARMOUR, WHEELED"
1.X.3.1.1.2.2.1;S*G*UCAWS-;"ARMOUR, WHEELED AIR ASSAULT"
1.X.3.1.1.2.2.2;S*G*UCAWA-;"ARMOUR, WHEELED AIRBORNE"
1.X.3.1.1.2.2.3;S*G*UCAWA-;"ARMOUR, WHEELED AMPHIBIOUS"
1.X.3.1.1.2.2.4;S*G*UCAWL-;"ARMOUR, WHEELED LIGHT"
1.X.3.1.1.2.2.5;S*G*UCAWM-;"ARMOUR, WHEELED MEDIUM"
1.X.3.1.1.2.2.6;S*G*UCAWH-;"ARMOUR, WHEELED HEAVY"
1.X.3.1.1.2.2.7;S*G*UCAWR-;"ARMOUR, WHEELED RECOVERY"
1.X.3.1.1.3;S*G*UCAA--;ANTI ARMOUR
1.X.3.1.1.3.1;S*G*UCAAD-;ANTI ARMOUR DISMOUNTED
1.X.3.1.1.3.2;S*G*UCAAL-;ANTI ARMOUR LIGHT
1.X.3.1.1.3.3;S*G*UCAAM-;ANTI ARMOUR AIRBORNE
1.X.3.1.1.3.4;S*G*UCAAS-;ANTI ARMOUR AIR ASSAULT
1.X.3.1.1.3.5;S*G*UCAAU-;ANTI ARMOUR MOUNTAIN
1.X.3.1.1.3.6;S*G*UCAAC-;ANTI ARMOUR ARCTIC
1.X.3.1.1.3.7;S*G*UCAAA-;ANTI ARMOUR ARMOURED
1.X.3.1.1.3.7.1;S*G*UCAAAT;ANTI ARMOUR ARMOURED TRACKED
1.X.3.1.1.3.7.2;S*G*UCAAAW;ANTI ARMOUR ARMOURED WHEELED
1.X.3.1.1.3.7.3;S*G*UCAAAS;ANTI ARMOUR ARMOURED AIR ASSAULT
1.X.3.1.1.3.8;S*G*UCAAO-;ANTI ARMOUR MOTORIZED
1.X.3.1.1.3.8.1;S*G*UCAAOS;ANTI ARMOUR MOTORIZED AIR ASSAULT
1.X.3.1.1.4;S*G*UCV---;AVIATION
1.X.3.1.1.4.1;S*G*UCVF--;FIXED WING
1.X.3.1.1.4.1.1;S*G*UCVFU-;UTILITY FIXED WING
1.X.3.1.1.4.1.2;S*G*UCVFA-;ATTACK FIXED WING
1.X.3.1.1.4.1.2.1;S*G*UCVUTP;TACTICAL AIR CONTROL PARTY (TACP)
1.X.3.1.1.4.1.2.2;S*G*UCVUFC;FORWARD AIR CONTROLLER (FAC)
1.X.3.1.1.4.1.3;S*G*UCVFR-;RECON FIXED WING
1.X.3.1.1.4.2;S*G*UCVR--;ROTARY WING
1.X.3.1.1.4.2.1;S*G*UCVRA-;ATTACK ROTARY WING
1.X.3.1.1.4.2.2;S*G*UCVRS-;SCOUT ROTARY WING
1.X.3.1.1.4.2.3;S*G*UCVRW-;ANTISUBMARINE WARFARE ROTARY WING
1.X.3.1.1.4.2.4;S*G*UCVRU-;UTILITY ROTARY WING
1.X.3.1.1.4.2.4.1;S*G*UCVRUL;LIGHT UTILITY ROTARY WING
1.X.3.1.1.4.2.4.2;S*G*UCVRUM;MEDIUM UTILITY ROTARY WING
1.X.3.1.1.4.2.4.3;S*G*UCVRUH;HEAVY UTILITY ROTARY WING
1.X.3.1.1.4.2.5;S*G*UCVRUC;C2 ROTARY WING
1.X.3.1.1.4.2.6;S*G*UCVRUE;MEDEVAC ROTARY WING
1.X.3.1.1.4.2.7;S*G*UCVRM-;MINE COUNTERMEASURE ROTARY WING
1.X.3.1.1.4.3;S*G*UCVS--;PERSONNEL RECOVERY
1.X.3.1.1.4.4;S*G*UCVC--;COMPOSITE
1.X.3.1.1.4.5;S*G*UCVV--;VERTICAL/SHORT TAKEOFF AND LANDING (V/STOL)
1.X.3.1.1.4.6;S*G*UCVU--;UNMANNED AERIAL VEHICLE
1.X.3.1.1.4.6.1;S*G*UCVUF-;UNMANNED AERIAL VEHICLE FIXED WING
1.X.3.1.1.4.6.1.1;S*G*UCVU--;AVIATION UAV CONTROL
1.X.3.1.1.4.6.1.2;S*G*UCVU--;AVIATION UAV LAUNCHER
1.X.3.1.1.4.6.1.3;S*G*UCVU--;AVIATION UAV RECOVERY
1.X.3.1.1.4.6.2;S*G*UCVUR-;UNMANNED AERIAL VEHICLE ROTARY WING
1.X.3.1.1.4.6.3;S*G*UCVUTP;TACTICAL AIR CONTROL PARTY (TACP)
1.X.3.1.1.4.6.4;S*G*UCVUFC;FORWARD AIR CONTROLLER (FAC)
1.X.3.1.1.5;S*G*UCI---;INFANTRY
1.X.3.1.1.5.1;S*G*UCIL--;INFANTRY LIGHT
1.X.3.1.1.5.2;S*G*UCIM--;INFANTRY MOTORIZED
1.X.3.1.1.5.3;S*G*UCIO--;INFANTRY MOUNTAIN
1.X.3.1.1.5.4;S*G*UCIA--;INFANTRY AIRBORNE
1.X.3.1.1.5.5;S*G*UCIS--;INFANTRY AIR ASSAULT
1.X.3.1.1.5.6;S*G*UCIZ--;INFANTRY MECHANIZED
1.X.3.1.1.5.7;S*G*UCIN--;INFANTRY NAVAL
1.X.3.1.1.5.8;S*G*UCII--;INFANTRY FIGHTING VEHICLE
1.X.3.1.1.5.9;S*G*UCIC--;INFANTRY ARCTIC
1.X.3.1.1.5.10;S*G*UCIC--;INFANTRY SNIPER
1.X.3.1.1.6;S*G*UCE---;ENGINEER
1.X.3.1.1.6.1;S*G*UCEC--;ENGINEER COMBAT
1.X.3.1.1.6.1.1;S*G*UCECS-;ENGINEER COMBAT AIR ASSAULT
1.X.3.1.1.6.1.2;S*G*UCECA-;ENGINEER COMBAT AIRBORNE
1.X.3.1.1.6.1.3;S*G*UCECC-;ENGINEER COMBAT ARCTIC
1.X.3.1.1.6.1.4;S*G*UCECL-;ENGINEER COMBAT LIGHT
1.X.3.1.1.6.1.5;S*G*UCECM-;ENGINEER COMBAT MEDIUM
1.X.3.1.1.6.1.6;S*G*UCECH-;ENGINEER COMBAT HEAVY
1.X.3.1.1.6.1.7;S*G*UCECT-;ENGINEER COMBAT MECHANIZED (TRACK)
1.X.3.1.1.6.1.8;S*G*UCECW-;ENGINEER COMBAT MOTORIZED
1.X.3.1.1.6.1.9;S*G*UCECO-;ENGINEER COMBAT MOUNTAIN
1.X.3.1.1.6.1.10;S*G*UCECR-;ENGINEER COMBAT RECON
1.X.3.1.1.6.1.11;S*G*UCEC--;ENGINEER COMBAT BRIDGING
1.X.3.1.1.6.1.12;S*G*UCEC--;ENGINEER COMBAT MINE CLEARING
1.X.3.1.1.6.1.13;S*G*UCEC--;ENGINEER COMBAT MINE LAYING
1.X.3.1.1.6.1.14;S*G*UCEC--;ENGINEER COMBAT DIVING
1.X.3.1.1.6.2;S*G*UCEN--;ENGINEER CONSTRUCTION
1.X.3.1.1.6.2.1;S*G*UCENN-;ENGINEER NAVAL CONSTRUCTION
1.X.3.1.1.7;S*G*UCF---;FIELD ARTILLERY
1.X.3.1.1.7.1;S*G*UCFH--;HOWITZER/GUN
1.X.3.1.1.7.1.1;S*G*UCFHE-;SELF PROPELLED
1.X.3.1.1.7.1.2;S*G*UCFHS-;AIR ASSAULT
1.X.3.1.1.7.1.3;S*G*UCFHA-;AIRBORNE
1.X.3.1.1.7.1.4;S*G*UCFHC-;ARCTIC
1.X.3.1.1.7.1.5;S*G*UCFHO-;MOUNTAIN
1.X.3.1.1.7.1.6;S*G*UCFHL-;LIGHT
1.X.3.1.1.7.1.7;S*G*UCFHM-;MEDIUM
1.X.3.1.1.7.1.8;S*G*UCFHH-;HEAVY
1.X.3.1.1.7.1.9;S*G*UCFHX-;AMPHIBIOUS
1.X.3.1.1.7.2;S*G*UCFR--;ROCKET
1.X.3.1.1.7.2.1;S*G*UCFRS-;SINGLE ROCKET LAUNCHER
1.X.3.1.1.7.2.1.1;S*G*UCFRSS;SINGLE ROCKET SELF PROPELLED
1.X.3.1.1.7.2.1.2;S*G*UCFRSR;SINGLE ROCKET TRUCK
1.X.3.1.1.7.2.1.3;S*G*UCFRST;SINGLE ROCKET TOWED
1.X.3.1.1.7.2.2;S*G*UCFRM-;MULTI ROCKET LAUNCHER
1.X.3.1.1.7.2.2.1;S*G*UCFRMS;MULTI ROCKET SELF PROPELLED
1.X.3.1.1.7.2.2.2;S*G*UCFRMR;MULTI ROCKET TRUCK
1.X.3.1.1.7.2.2.3;S*G*UCFRMT;MULTI ROCKET TOWED
1.X.3.1.1.7.3;S*G*UCFT--;TARGET ACQUISITION
1.X.3.1.1.7.3.1;S*G*UCFTR-;RADAR
1.X.3.1.1.7.3.2;S*G*UCFTS-;SOUND
1.X.3.1.1.7.3.3;S*G*UCFTF-;FLASH (OPTICAL)
1.X.3.1.1.7.3.4;S*G*UCFTC-;TARGET ACQUISITION MOUNTED
1.X.3.1.1.7.3.4.1;S*G*UCFTCD;TARGET ACQUISITION DISMOUNTED
1.X.3.1.1.7.3.4.2;S*G*UCFTCM;TARGET ACQUISITION TRACKED
1.X.3.1.1.7.3.5;S*G*UCFTA-;TARGET ACQUISITION NAVAL GUNFIRE
1.X.3.1.1.7.4;S*G*UCFM--;MORTAR
1.X.3.1.1.7.4.1;S*G*UCFMS-;SELF PROPELLED (SP) TRACKED MORTAR
1.X.3.1.1.7.4.2;S*G*UCFMSW;SP WHEELED MORTAR
1.X.3.1.1.7.4.3;S*G*UCFMT-;TOWED MORTAR
1.X.3.1.1.7.4.3.1;S*G*UCFMTA;TOWED AIRBORNE MORTAR
1.X.3.1.1.7.4.3.2;S*G*UCFMTS;TOWED AIR ASSAULT MORTAR
1.X.3.1.1.7.4.3.3;S*G*UCFMTC;TOWED ARCTIC MORTAR
1.X.3.1.1.7.4.3.4;S*G*UCFMTO;TOWED MOUNTAIN MORTAR
1.X.3.1.1.7.4.4;S*G*UCFML-;AMPHIBIOUS MORTAR
1.X.3.1.1.7.5;S*G*UCFS--;ARTILLERY SURVEY
1.X.3.1.1.7.5.1;S*G*UCFSS-;AIR ASSAULT
1.X.3.1.1.7.5.2;S*G*UCFSA-;AIRBORNE
1.X.3.1.1.7.5.3;S*G*UCFSL-;LIGHT
1.X.3.1.1.7.5.4;S*G*UCFSO-;MOUNTAIN
1.X.3.1.1.7.6;S*G*UCFO--;METEOROLOGICAL
1.X.3.1.1.7.6.1;S*G*UCFOS-;AIR ASSAULT METEOROLOGICAL
1.X.3.1.1.7.6.2;S*G*UCFOA-;AIRBORNE METEOROLOGICAL
1.X.3.1.1.7.6.3;S*G*UCFOL-;LIGHT METEOROLOGICAL
1.X.3.1.1.7.6.4;S*G*UCFOO-;MOUNTAIN METEOROLOGICAL
1.X.3.1.1.7.7;S*G*UCF---;FIRE DIRECTION CENTRE
1.X.3.1.1.7.8;S*G*UCF---;OBERSERVER
1.X.3.1.1.8;S*G*UCR---;RECONNAISSANCE
1.X.3.1.1.8.1;S*G*UCRH--;RECONNAISSANCE HORSE
1.X.3.1.1.8.2;S*G*UCRV--;RECONNAISSANCE CAVALRY
1.X.3.1.1.8.2.1;S*G*UCRVA-;RECONNAISSANCE CAVALRY ARMOURED
1.X.3.1.1.8.2.2;S*G*UCRVM-;RECONNAISSANCE CAVALRY MOTORIZED
1.X.3.1.1.8.2.3;S*G*UCRVG-;RECONNAISSANCE CAVALRY GROUND
1.X.3.1.1.8.2.4;S*G*UCRVO-;RECONNAISSANCE CAVALRY AIR
1.X.3.1.1.8.3;S*G*UCRC--;RECONNAISSANCE ARCTIC
1.X.3.1.1.8.4;S*G*UCRS--;RECONNAISSANCE AIR ASSAULT
1.X.3.1.1.8.5;S*G*UCRA--;RECONNAISSANCE AIRBORNE
1.X.3.1.1.8.6;S*G*UCRO--;RECONNAISSANCE MOUNTAIN
1.X.3.1.1.8.7;S*G*UCRLL--;RECONNAISSANCE LIGHT
1.X.3.1.1.8.8;S*G*UCRR--;RECONNAISSANCE MARINE
1.X.3.1.1.8.8.1;S*G*UCRRD-;RECONNAISSANCE MARINE DIVISION
1.X.3.1.1.8.8.2;S*G*UCRRF-;RECONNAISSANCE MARINE FORCE
1.X.3.1.1.8.8.3;S*G*UCRRL-;RECONNAISSANCE MARINE LIGHT ARMOURED RECONNAISSANCE (LAR)
1.X.3.1.1.8.9;S*G*UCRX--;RECONNAISSANCE LONG RANGE SURVEILLANCE (LRS)
1.X.3.1.1.9;S*G*UCM---;MISSILE (SURFACE-SURFACE)
1.X.3.1.1.9.1;S*G*UCMT--;MISSILE (SURFACE-SURFACE) TACTICAL
1.X.3.1.1.9.2;S*G*UCMS--;MISSILE (SURFACE-SURFACE) STRATEGIC
1.X.3.1.1.10;S*G*UCS---;INTERNAL SECURITY FORCES
1.X.3.1.1.10.1;S*G*UCSW--;RIVERINE
1.X.3.1.1.10.2;S*G*UCSG--;GROUND
1.X.3.1.1.10.2.1;S*G*UCSGD-;DISMOUNTED GROUND
1.X.3.1.1.10.2.2;S*G*UCSGM-;MOTORIZED GROUND
1.X.3.1.1.10.2.3;S*G*UCSGA-;MECHANIZED GROUND
1.X.3.1.1.10.3;S*G*UCSM--;WHEELED MECHANIZED
1.X.3.1.1.10.4;S*G*UCSR--;RAILROAD
1.X.3.1.1.10.5;S*G*UCSA--;AVIATION
1.X.3.1.2;S*G*UU----;COMBAT SUPPORT
1.X.3.1.2.1;S*G*UUA---;COMBAT SUPPORT CBRN
1.X.3.1.2.1.1;S*G*UUAC--;CHEMICAL
1.X.3.1.2.1.1.1;S*G*UUACC-;SMOKE/DECON
1.X.3.1.2.1.1.1.1;S*G*UUACCK;MECHANIZED SMOKE/DECON
1.X.3.1.2.1.1.1.2;S*G*UUACCM;MOTORIZED SMOKE/DECON
1.X.3.1.2.1.1.2;S*G*UUACS-;SMOKE
1.X.3.1.2.1.1.2.1;S*G*UUACSM;MOTORIZED SMOKE
1.X.3.1.2.1.1.2.2;S*G*UUACSA;ARMOUR SMOKE
1.X.3.1.2.1.1.3;S*G*UUACR-;CHEMICAL RECON
1.X.3.1.2.1.1.3.1;S*G*UUACRW;CHEMICAL WHEELED ARMOURED VEHICLE
1.X.3.1.2.1.1.3.2;S*G*UUACRS;CHEMICAL WHEELED ARMOURED VEHICLE RECONNAISSANCE SURVEILLANCE
1.X.3.1.2.1.2;S*G*UUAN--;NUCLEAR
1.X.3.1.2.1.3;S*G*UUAB--;BIOLOGICAL
1.X.3.1.2.1.3.1;S*G*UUABR-;RECON EQUIPPED
1.X.3.1.2.1.4;S*G*UUAD--;DECONTAMINATION
1.X.3.1.2.2;S*G*UUM---;MILITARY INTELLIGENCE
1.X.3.1.2.2.1;S*G*UUMA--;AERIAL EXPLOITATION
1.X.3.1.2.2.2;S*G*UUMS--;SIGNAL INTELLIGENCE (SIGINT)
1.X.3.1.2.2.2.1;S*G*UUMSE-;ELECTRONIC WARFARE
1.X.3.1.2.2.2.1.1;S*G*UUMSEA;ARMOURED WHEELED VEHICLE
1.X.3.1.2.2.2.1.2;S*G*UUMSED;DIRECTION FINDING
1.X.3.1.2.2.2.1.3;S*G*UUMSEI;INTERCEPT
1.X.3.1.2.2.2.1.4;S*G*UUMSEJ;JAMMING
1.X.3.1.2.2.2.1.5;S*G*UUMSET;THEATRE
1.X.3.1.2.2.2.1.6;S*G*UUMSEC;CORPS
1.X.3.1.2.2.3;S*G*UUMC--;COUNTER INTELLIGENCE
1.X.3.1.2.2.4;S*G*UUMR--;SURVEILLANCE
1.X.3.1.2.2.4.1;S*G*UUMRG-;GROUND SURVEILLANCE RADAR
1.X.3.1.2.2.4.2;S*G*UUMRS-;SENSOR
1.X.3.1.2.2.4.2.1;S*G*UUMRSS;SENSOR SCM
1.X.3.1.2.2.4.3;S*G*UUMRX-;GROUND STATION MODULE
1.X.3.1.2.2.4.4;S*G*UUMMO-;METEOROLOGICAL
1.X.3.1.2.2.5;S*G*UUMO--;OPERATIONS
1.X.3.1.2.2.6;S*G*UUMT--;TACTICAL EXPLOIT
1.X.3.1.2.2.7;S*G*UUMQ--;INTERROGATION
1.X.3.1.2.2.8;S*G*UUMJ--;JOINT INTELLIGENCE CENTRE
1.X.3.1.2.3;S*G*UUL---;LAW ENFORCEMENT UNIT
1.X.3.1.2.3.1;S*G*UULS--;SHORE PATROL
1.X.3.1.2.3.2;S*G*UULM--;MILITARY POLICE
1.X.3.1.2.3.3;S*G*UULC--;CIVILIAN LAW ENFORCEMENT
1.X.3.1.2.3.4;S*G*UULF--;SECURITY POLICE (AIR)
1.X.3.1.2.3.5;S*G*UULD--;CENTRAL INTELLIGENCE DIVISION (CID)
1.X.3.1.2.4;S*G*UUS---;SIGNAL UNIT
1.X.3.1.2.4.1;S*G*UUSA--;AREA
1.X.3.1.2.4.2;S*G*UUSC--;COMMUNICATION CONFIGURED PACKAGE
1.X.3.1.2.4.2.1;S*G*UUSCL-;LARGE COMMUNICATION CONFIGURED PACKAGE (LCCP)
1.X.3.1.2.4.3;S*G*UUSO--;COMMAND OPERATIONS
1.X.3.1.2.4.4;S*G*UUSF--;FORWARD COMMUNICATIONS
1.X.3.1.2.4.5;S*G*UUSM--;MULTIPLE SUBSCRIBER ELEMENT
1.X.3.1.2.4.5.1;S*G*UUSMS-;SMALL EXTENSION NODE
1.X.3.1.2.4.5.2;S*G*UUSML-;LARGE EXTENSION NODE
1.X.3.1.2.4.5.3;S*G*UUSMN-;NODE CENTRE
1.X.3.1.2.4.6;S*G*UUSR--;RADIO UNIT
1.X.3.1.2.4.6.1;S*G*UUSRS-;TACTICAL SATELLITE
1.X.3.1.2.4.6.2;S*G*UUSRT-;TELETYPE CENTRE
1.X.3.1.2.4.6.3;S*G*UUSRW-;RELAY
1.X.3.1.2.4.7;S*G*UUSS--;SIGNAL SUPPORT
1.X.3.1.2.4.8;S*G*UUSW--;TELEPHONE SWITCH
1.X.3.1.2.4.9;S*G*UUSX--;ELECTRONIC RANGING
1.X.3.1.2.5;S*G*UUI---;INFORMATION WARFARE UNIT
1.X.3.1.2.6;S*G*UUX---;LANDING SUPPORT
1.X.3.1.2.7;S*G*UUE---;EXPLOSIVE ORDINANCE DISPOSAL
1.X.3.1.2.8;S*G*UUT---;TOPOGRAPHIC
1.X.3.1.2.9;S*G*UU----;DOG
1.X.3.1.2.10;S*G*UUD---;DRILLING
1.X.3.1.3;S*G*US----;COMBAT SERVICE SUPPORT
1.X.3.1.3.1;S*G*USA---;ADMINISTRATIVE (ADMIN)
1.X.3.1.3.1.1;S*G*USAT--;ADMIN THEATRE
1.X.3.1.3.1.2;S*G*USAC--;ADMIN CORPS
1.X.3.1.3.1.3;S*G*USAJ--;JUDGE ADVOCATE GENERAL (JAG)
1.X.3.1.3.1.3.1;S*G*USAJT-;JAG THEATRE
1.X.3.1.3.1.3.2;S*G*USAJC-;JAG CORPS
1.X.3.1.3.1.4;S*G*USAO--;POSTAL
1.X.3.1.3.1.4.1;S*G*USAOT-;POSTAL THEATRE
1.X.3.1.3.1.4.2;S*G*USAOC-;POSTAL CORPS
1.X.3.1.3.1.5;S*G*USAF--;FINANCE
1.X.3.1.3.1.5.1;S*G*USAFT-;FINANCE THEATRE
1.X.3.1.3.1.5.2;S*G*USAFC-;FINANCE CORPS
1.X.3.1.3.1.6;S*G*USAS--;PERSONNEL SERVICES
1.X.3.1.3.1.6.1;S*G*USAST-;PERSONNEL THEATRE
1.X.3.1.3.1.6.2;S*G*USASC-;PERSONNEL CORPS
1.X.3.1.3.1.7;S*G*USAM--;MORTUARY/GRAVES REGISTRY
1.X.3.1.3.1.7.1;S*G*USAMT-;MORTUARY/GRAVES REGISTRY THEATRE
1.X.3.1.3.1.7.2;S*G*USAMC-;MORTUARY/GRAVES REGISTRY CORPS
1.X.3.1.3.1.8;S*G*USAR--;RELIGIOUS/CHAPLAIN
1.X.3.1.3.1.8.1;S*G*USART-;RELIGIOUS/CHAPLAIN THEATRE
1.X.3.1.3.1.8.2;S*G*USARC-;RELIGIOUS/CHAPLAIN CORPS
1.X.3.1.3.1.9;S*G*USAP--;PUBLIC AFFAIRS
1.X.3.1.3.1.9.1;S*G*USAPT-;PUBLIC AFFAIRS THEATRE
1.X.3.1.3.1.9.2;S*G*USAPC-;PUBLIC AFFAIRS CORPS
1.X.3.1.3.1.9.3;S*G*USAPB-;PUBLIC AFFAIRS BROADCAST
1.X.3.1.3.1.9.3.1;S*G*USAPBT;PUBLIC AFFAIRS BROADCAST THEATRE
1.X.3.1.3.1.9.3.2;S*G*USAPBC;PUBLIC AFFAIRS BROADCAST CORPS
1.X.3.1.3.1.9.4;S*G*USAPM-;PUBLIC AFFAIRS JOINT INFORMATION BUREAU (JIB)
1.X.3.1.3.1.9.4.1;S*G*USAPMT;PUBLIC AFFAIRS JIB THEATRE
1.X.3.1.3.1.9.4.2;S*G*USAPMC;PUBLIC AFFAIRS JIB CORPS
1.X.3.1.3.1.10;S*G*USAX--;REPLACEMENT HOLDING UNIT (RHU)
1.X.3.1.3.1.10.1;S*G*USAXT-;RHU THEATRE
1.X.3.1.3.1.10.2;S*G*USAXC-;RHU CORPS
1.X.3.1.3.1.11;S*G*USAL--;LABOUR
1.X.3.1.3.1.11.1;S*G*USALT-;LABOUR THEATRE
1.X.3.1.3.1.11.2;S*G*USALC-;LABOUR CORPS
1.X.3.1.3.1.12;S*G*USAW--;"MORAL, WELFARE, RECREATION (MWR)"
1.X.3.1.3.1.12.1;S*G*USAWT-;MWR THEATRE
1.X.3.1.3.1.12.2;S*G*USAWC-;MWR CORPS
1.X.3.1.3.1.13;S*G*USAQ--;QUARTERMASTER (SUPPLY)
1.X.3.1.3.1.13.1;S*G*USAQT-;QUARTERMASTER (SUPPLY) THEATRE
1.X.3.1.3.1.13.2;S*G*USAQC-;QUARTERMASTER (SUPPLY) CORPS
1.X.3.1.3.2;S*G*USM---;MEDICAL
1.X.3.1.3.2.1;S*G*USMT--;MEDICAL THEATRE
1.X.3.1.3.2.2;S*G*USMC--;MEDICAL CORPS
1.X.3.1.3.2.3;S*G*USMM--;MEDICAL TREATMENT FACILITY
1.X.3.1.3.2.3.1;S*G*USMMT-;MEDICAL TREATMENT FACILITY THEATRE
1.X.3.1.3.2.3.2;S*G*USMMC-;MEDICAL TREATMENT FACILITY CORPS
1.X.3.1.3.2.4;S*G*USMV--;MEDICAL VETERINARY
1.X.3.1.3.2.4.1;S*G*USMVT-;MEDICAL VETERINARY THEATRE
1.X.3.1.3.2.4.2;S*G*USMVC-;MEDICAL VETERINARY CORPS
1.X.3.1.3.2.5;S*G*USMD--;MEDICAL DENTAL
1.X.3.1.3.2.5.1;S*G*USMDT-;MEDICAL DENTAL THEATRE
1.X.3.1.3.2.5.2;S*G*USMDC-;MEDICAL DENTAL CORPS
1.X.3.1.3.2.6;S*G*USMP--;MEDICAL PSYCHOLOGICAL
1.X.3.1.3.2.6.1;S*G*USMPT-;MEDICAL PSYCHOLOGICAL THEATRE
1.X.3.1.3.2.6.2;S*G*USMPC-;MEDICAL PSYCHOLOGICAL CORPS
1.X.3.1.3.3;S*G*USS---;SUPPLY
1.X.3.1.3.3.1;S*G*USST--;SUPPLY THEATRE
1.X.3.1.3.3.2;S*G*USSC--;SUPPLY CORPS
1.X.3.1.3.3.3;S*G*USS1--;SUPPLY CLASS I
1.X.3.1.3.3.3.1;S*G*USS1T-;SUPPLY CLASS I THEATRE
1.X.3.1.3.3.3.2;S*G*USS1C-;SUPPLY CLASS I CORPS
1.X.3.1.3.3.4;S*G*USS2--;SUPPLY CLASS II
1.X.3.1.3.3.4.1;S*G*USS2T-;SUPPLY CLASS II THEATRE
1.X.3.1.3.3.4.2;S*G*USS2C-;SUPPLY CLASS II CORPS
1.X.3.1.3.3.5;S*G*USS3--;SUPPLY CLASS III
1.X.3.1.3.3.5.1;S*G*USS3T-;SUPPLY CLASS III THEATRE
1.X.3.1.3.3.5.2;S*G*USS3C-;SUPPLY CLASS III CORPS
1.X.3.1.3.3.5.3;S*G*USS3A-;SUPPLY CLASS III AVIATION
1.X.3.1.3.3.5.3.1;S*G*USS3AT;SUPPLY CLASS III AVIATION
1.X.3.1.3.3.5.3.2;S*G*USS3AC;SUPPLY CLASS III AVIATION CORPS
1.X.3.1.3.3.6;S*G*USS4--;SUPPLY CLASS IV
1.X.3.1.3.3.6.1;S*G*USS4T-;SUPPLY CLASS IV THEATRE
1.X.3.1.3.3.6.2;S*G*USS4C-;SUPPLY CLASS IV CORPS
1.X.3.1.3.3.7;S*G*USS5--;SUPPLY CLASS V
1.X.3.1.3.3.7.1;S*G*USS5T-;SUPPLY CLASS V THEATRE
1.X.3.1.3.3.7.2;S*G*USS5C-;SUPPLY CLASS V CORPS
1.X.3.1.3.3.8;S*G*USS6--;SUPPLY CLASS VI
1.X.3.1.3.3.8.1;S*G*USS6T-;SUPPLY CLASS VI THEATRE
1.X.3.1.3.3.8.2;S*G*USS6C-;SUPPLY CLASS VI CORPS
1.X.3.1.3.3.9;S*G*USS7--;SUPPLY CLASS VII
1.X.3.1.3.3.9.1;S*G*USS7T-;SUPPLY CLASS VII THEATRE
1.X.3.1.3.3.9.2;S*G*USS7C-;SUPPLY CLASS VII CORPS
1.X.3.1.3.3.10;S*G*USS8--;SUPPLY CLASS VIII
1.X.3.1.3.3.10.1;S*G*USS8T-;SUPPLY CLASS VIII THEATRE
1.X.3.1.3.3.10.2;S*G*USS8C-;SUPPLY CLASS VIII CORPS
1.X.3.1.3.3.11;S*G*USS9--;SUPPLY CLASS IX
1.X.3.1.3.3.11.1;S*G*USS9T-;SUPPLY CLASS IX THEATRE
1.X.3.1.3.3.11.2;S*G*USS9C-;SUPPLY CLASS IX CORPS
1.X.3.1.3.3.12;S*G*USSX--;SUPPLY CLASS X
1.X.3.1.3.3.12.1;S*G*USSXT-;SUPPLY CLASS X THEATRE
1.X.3.1.3.3.12.2;S*G*USSXC-;SUPPLY CLASS X CORPS
1.X.3.1.3.3.13;S*G*USSL--;SUPPLY LAUNDRY/BATH
1.X.3.1.3.3.13.1;S*G*USSLT-;SUPPLY LAUNDRY/BATH THEATRE
1.X.3.1.3.3.13.2;S*G*USSLC-;SUPPLY LAUNDRY/BATH CORPS
1.X.3.1.3.3.14;S*G*USSW--;SUPPLY WATER
1.X.3.1.3.3.14.1;S*G*USSWT-;SUPPLY WATER THEATRE
1.X.3.1.3.3.14.2;S*G*USSWC-;SUPPLY WATER CORPS
1.X.3.1.3.3.14.3;S*G*USSWP-;SUPPLY WATER PURIFICATION
1.X.3.1.3.3.14.3.1;S*G*USSWPT;SUPPLY WATER PURIFICATION THEATRE
1.X.3.1.3.3.14.3.2;S*G*USSWPC;SUPPLY WATER PURIFICATION CORPS
1.X.3.1.3.4;S*G*UST---;TRANSPORTATION
1.X.3.1.3.4.1;S*G*USTT--;TRANSPORTATION THEATRE
1.X.3.1.3.4.2;S*G*USTC--;TRANSPORTATION CORPS
1.X.3.1.3.4.3;S*G*USTM--;MOVEMENT CONTROL CENTRE(MCC)
1.X.3.1.3.4.3.1;S*G*USTMT-;MCC THEATRE
1.X.3.1.3.4.3.2;S*G*USTMC-;MCC CORPS
1.X.3.1.3.4.4;S*G*USTR--;RAILHEAD
1.X.3.1.3.4.4.1;S*G*USTRT-;RAILHEAD THEATRE
1.X.3.1.3.4.4.2;S*G*USTRC-;RAILHEAD CORPS
1.X.3.1.3.4.5;S*G*USTS--;SPOD/SPOE
1.X.3.1.3.4.5.1;S*G*USTST-;SPOD/SPOE THEATRE
1.X.3.1.3.4.5.2;S*G*USTSC-;SPOD/SPOE CORPS
1.X.3.1.3.4.6;S*G*USTA--;APOD/APOE
1.X.3.1.3.4.6.1;S*G*USTAT-;APOD/APOE THEATRE
1.X.3.1.3.4.6.2;S*G*USTAC-;APOD/APOE CORPS
1.X.3.1.3.4.7;S*G*USTI--;MISSILE
1.X.3.1.3.4.7.1;S*G*USTIT-;MISSILE THEATRE
1.X.3.1.3.4.7.2;S*G*USTIC-;MISSILE CORPS
1.X.3.1.3.5;S*G*USX---;MAINTENANCE
1.X.3.1.3.5.1;S*G*USXT--;MAINTENANCE THEATRE
1.X.3.1.3.5.2;S*G*USXC--;MAINTENANCE CORPS
1.X.3.1.3.5.3;S*G*USXH--;MAINTENANCE HEAVY
1.X.3.1.3.5.3.1;S*G*USXHT-;MAINTENANCE HEAVY THEATRE
1.X.3.1.3.5.3.2;S*G*USXHC-;MAINTENANCE HEAVY CORPS
1.X.3.1.3.5.4;S*G*USXR--;MAINTENANCE RECOVERY
1.X.3.1.3.5.4.1;S*G*USXRT-;MAINTENANCE RECOVERY THEATRE
1.X.3.1.3.5.4.2;S*G*USXRC-;MAINTENANCE RECOVERY CORPS
1.X.3.1.3.5.5;S*G*USXO--;ORDINANCE
1.X.3.1.3.5.5.1;S*G*USXOT-;ORDINANCE THEATRE
1.X.3.1.3.5.5.2;S*G*USXOC-;ORDINANCE CORPS
1.X.3.1.3.5.5.3;S*G*USXOM-;ORDINANCE MISSILE
1.X.3.1.3.5.5.3.1;S*G*USXOMT;ORDINANCE MISSILE THEATRE
1.X.3.1.3.5.5.3.2;S*G*USXOMC;ORDINANCE MISSILE CORPS
1.X.3.1.3.5.6;S*G*USXE--;ELECTRO-OPTICAL
1.X.3.1.3.5.6.1;S*G*USXET-;ELECTRO-OPTICAL THEATRE
1.X.3.1.3.5.6.2;S*G*USXEC-;ELECTRO-OPTICAL CORPS
1.X.3.1.3.5.7;S*G*USXBDR;BATTLE DAMAGE REPAIR
1.X.3.1.3.5.8;S*G*USXPM-;PREVENTIVE MAINTANANCE
1.X.3.1.3.6;S*G*USXP--;PIPELINE
1.X.3.1.3.7;S*G*USXEP-;ENVIRONMENTAL PROTECTION
1.X.3.1.4;S*G*UH----;SPECIAL C2 HEADQUARTERS COMPONENT
1.X.3.1.5;S*G*UH----;UNIT GENERAL HEADQUARTERS
1.X.3.1.6;S*G*UH----;GENERAL HEADQUARTERS AND SERVICE
1.X.3.1.7;S*G*UHGL--;UNIT GENERAL LIAISON
1.X.3.2;S*G*E-----;GROUND TRACK EQUIPMENT
1.X.3.2.1;S*G*EW----;WEAPONS
1.X.3.2.1.1;S*G*EWM---;MISSILE LAUNCHERS
1.X.3.2.1.1.1;S*G*EWMA--;AIR DEFENCE (AD) MISSILE LAUNCH
1.X.3.2.1.1.1.1;S*G*EWMAS-;SHORT RANGE AD MISSILE LAUNCHERS
1.X.3.2.1.1.1.2;S*G*EWMAI-;INTERMEDIATE RANGE AD MISSILE LAUNCH
1.X.3.2.1.1.1.3;S*G*EWMAL-;LONG RANGE AD MISSILE LAUNCH
1.X.3.2.1.1.1.4;S*G*EWMAT-;AD MISSILE LAUNCH THEATRE
1.X.3.2.1.1.2;S*G*EWMS--;SURFACE-SURFACE (SS) MISSILE LAUNCHER
1.X.3.2.1.1.2.1;S*G*EWMSS-;SHORT RANGE SS MISSILE LAUNCH
1.X.3.2.1.1.2.2;S*G*EWMSI-;INTERMEDIATE RANGE SS MISSILE LAUNCH
1.X.3.2.1.1.2.3;S*G*EWMSL-;LONG RANGE SS MISSILE LAUNCH
1.X.3.2.1.1.3;S*G*EWMT--;MISSILE LAUNCHERS ANTI TANK (AT)
1.X.3.2.1.1.3.1;S*G*EWMTL-;MISSILE LAUNCHERS AT LIGHT
1.X.3.2.1.1.3.2;S*G*EWMTM-;MISSILE LAUNCHER AT MEDIUM
1.X.3.2.1.1.3.3;S*G*EWMTH-;MISSILE LAUNCHER AT HEAVY
1.X.3.2.1.2;S*G*EWS---;SINGLE ROCKET LAUNCHER
1.X.3.2.1.2.1;S*G*EWSL--;SINGLE ROCKET LAUNCHER LIGHT
1.X.3.2.1.2.2;S*G*EWSM--;SINGLE ROCKET LAUNCHER MEDIUM
1.X.3.2.1.2.3;S*G*EWSH--;SINGLE ROCKET LAUNCHER HEAVY
1.X.3.2.1.3;S*G*EWX---;MULTIPLE ROCKET LAUNCHER
1.X.3.2.1.3.1;S*G*EWXL--;MULTIPLE ROCKET LAUNCHER LIGHT
1.X.3.2.1.3.2;S*G*EWXM--;MULTIPLE ROCKET LAUNCHER MEDIUM
1.X.3.2.1.3.3;S*G*EWXH--;MULTIPLE ROCKET LAUNCHER HEAVY
1.X.3.2.1.4;S*G*EWT---;ANTITANK ROCKET LAUNCHER
1.X.3.2.1.4.1;S*G*EWTL--;ANTITANK ROCKET LAUNCHER LIGHT
1.X.3.2.1.4.2;S*G*EWTM--;ANTITANK ROCKET LAUNCHER MEDIUM
1.X.3.2.1.4.3;S*G*EWTH--;ANTITANK ROCKET LAUNCHER HEAVY
1.X.3.2.1.5;S*G*EWR---;RIFLE/AUTOMATIC WEAPON
1.X.3.2.1.5.1;S*G*EWRR--;RIFLE
1.X.3.2.1.5.2;S*G*EWRL--;LIGHT MACHINE GUN
1.X.3.2.1.5.3;S*G*EWRH--;HEAVY MACHINE GUN
1.X.3.2.1.6;S*G*EWZ---;GRENADE LAUNCHER
1.X.3.2.1.6.1;S*G*EWZL--;GRENADE LAUNCHER LIGHT
1.X.3.2.1.6.2;S*G*EWZM--;GRENADE LAUNCHER MEDIUM
1.X.3.2.1.6.3;S*G*EWZH--;GRENADE LAUNCHER HEAVY
1.X.3.2.1.7;S*G*EWO---;MORTAR
1.X.3.2.1.7.1;S*G*EWOL--;MORTAR LIGHT
1.X.3.2.1.7.2;S*G*EWOM--;MORTAR MEDIUM
1.X.3.2.1.7.3;S*G*EWOH--;MORTAR HEAVY
1.X.3.2.1.8;S*G*EWH---;HOWITZER
1.X.3.2.1.8.1;S*G*EWHL--;HOWITZER LIGHT
1.X.3.2.1.8.1.1;S*G*EWHLS-;HOWITZER LIGHT SELF-PROPELLED
1.X.3.2.1.8.2;S*G*EWHM--;HOWITZER MEDIUM
1.X.3.2.1.8.2.1;S*G*EWHMS-;HOWITZER MEDIUM SELF-PROPELLED
1.X.3.2.1.8.3;S*G*EWHH--;HOWITZER HEAVY
1.X.3.2.1.8.3.1;S*G*EWHHS-;HOWITZER HEAVY SELF-PROPELLED
1.X.3.2.1.9;S*G*EWG---;ANTITANK GUN
1.X.3.2.1.9.1;S*G*EWGR--;ANTITANK GUN RECOILLESS
1.X.3.2.1.9.2;S*G*EWGL--;ANTITANK GUN LIGHT
1.X.3.2.1.9.3;S*G*EWGM--;ANTITANK GUN MEDIUM
1.X.3.2.1.9.4;S*G*EWGH--;ANTITANK GUN HEAVY
1.X.3.2.1.10;S*G*EWD---;DIRECT FIRE GUN
1.X.3.2.1.10.1;S*G*EWDL--;DIRECT FIRE GUN LIGHT
1.X.3.2.1.10.1.1;S*G*EWDLS-;DIRECT FIRE GUN LIGHT SELF-PROPELLED
1.X.3.2.1.10.2;S*G*EWDM--;DIRECT FIRE GUN MEDIUM
1.X.3.2.1.10.2.1;S*G*EWDMS-;DIRECT FIRE GUN MEDIUM SELF-PROPELLED
1.X.3.2.1.10.3;S*G*EWDH--;DIRECT FIRE GUN HEAVY
1.X.3.2.1.10.3.1;S*G*EWDHS-;DIRECT FIRE GUN HEAVY SELF-PROPELLED
1.X.3.2.1.11;S*G*EWA---;AIR DEFENCE GUN
1.X.3.2.1.11.1;S*G*EWAL--;AIR DEFENCE GUN LIGHT
1.X.3.2.1.11.2;S*G*EWAM--;AIR DEFENCE GUN MEDIUM
1.X.3.2.1.11.3;S*G*EWAH--;AIR DEFENCE GUN HEAVY
1.X.3.2.2;S*G*EV----;GROUND VEHICLE
1.X.3.2.2.1;S*G*EVA---;ARMOURED VEHICLE
1.X.3.2.2.1.1;S*G*EVAT--;TANK
1.X.3.2.2.1.1.1;S*G*EVATL-;TANK LIGHT
1.X.3.2.2.1.1.1.1;S*G*EVATW-;TANK LIGHT RECOVERY
1.X.3.2.2.1.1.2;S*G*EVATM-;TANK MEDIUM
1.X.3.2.2.1.1.2.1;S*G*EVATX-;TANK MEDIUM RECOVERY
1.X.3.2.2.1.1.3;S*G*EVATH-;TANK HEAVY
1.X.3.2.2.1.1.3.1;S*G*EVATY-;TANK HEAVY RECOVERY
1.X.3.2.2.1.2;S*G*EVAA--;ARMOURED PERSONNEL CARRIER
1.X.3.2.2.1.2.1;S*G*EVAAR-;ARMOURED PERSONNEL CARRIER RECOVERY
1.X.3.2.2.1.3;S*G*EVAI--;ARMOURED INFANTRY
1.X.3.2.2.1.4;S*G*EVAC--;C2V/ACV
1.X.3.2.2.1.5;S*G*EVAS--;COMBAT SERVICE SUPPORT VEHICLE
1.X.3.2.2.1.6;S*G*EVAL--;LIGHT ARMOURED VEHICLE
1.X.3.2.2.2;S*G*EVU---;UTILITY VEHICLE
1.X.3.2.2.2.1;S*G*EVUB--;BUS
1.X.3.2.2.2.2;S*G*EVUS--;SEMI
1.X.3.2.2.2.3;S*G*EVUL--;LIMITED CROSS-COUNTRY TRUCK
1.X.3.2.2.2.4;S*G*EVUX--;CROSS-COUNTRY TRUCK
1.X.3.2.2.2.5;S*G*EVUR--;WATER CRAFT
1.X.3.2.2.3;S*G*EVE---;ENGINEER VEHICLE
1.X.3.2.2.3.1;S*G*EVEB--;BRIDGE
1.X.3.2.2.3.2;S*G*EVEE--;EARTHMOVER
1.X.3.2.2.3.2.1;S*G*EVEE--;MULTIFUNCTIONAL EARTHMOVER/DIGGER
1.X.3.2.2.3.3;S*G*EVEC--;CONSTRUCTION VEHICLE
1.X.3.2.2.3.4;S*G*EVEM--;MINE LAYING VEHICLE
1.X.3.2.2.3.4.1;S*G*EVEMA-;ARMOURED VEHICLE MOUNTED
1.X.3.2.2.3.4.2;S*G*EVEMT-;TRAILER MOUNTED
1.X.3.2.2.3.4.3;S*G*EVEMV-;ARMOURED CARRIER WITH VOLCANO
1.X.3.2.2.3.4.5;S*G*EVEMSM;ARMOURED CARRIER WITH SCATTERABLE MINES
1.X.3.2.2.3.5;S*G*EVED--;DOZER
1.X.3.2.2.3.6;S*G*EVD---;DRILLING VEHICLE
1.X.3.2.2.4;S*G*EVST--;TRAIN LOCOMOTIVE
1.X.3.2.2.5;S*G*EVC---;CIVILIAN VEHICLE
1.X.3.2.3;S*G*ES----;SENSOR
1.X.3.2.3.1;S*G*ESR---;RADAR
1.X.3.2.3.2;S*G*ESE---;EMPLACED SENSOR
1.X.3.2.4;S*G*EX----;SPECIAL EQUIPMENT
1.X.3.2.4.1;S*G*EXL---;LASER
1.X.3.2.4.2;S*G*EXN---;CBRN EQUIPMENT
1.X.3.2.4.3;S*G*EXF---;FLAME THROWER
1.X.3.2.4.4;S*G*EXM---;LAND MINES
1.X.3.2.4.4.1;S*G*EXMC--;"LAND MINES, LETHAL"
1.X.3.2.4.4.2;S*G*EXML--;LESS THAN LETHAL
1.X.3.3;S*G*I-----;INSTALLATION
1.X.3.3.1;S*G*IR----;RAW MATERIAL PRODUCTION/STORAGE
1.X.3.3.1.1;S*G*IRM---;MINE
1.X.3.3.1.2;S*G*IRP---;PETROLEUM/GAS/OIL
1.X.3.3.1.3;S*G*IRN---;CBRN
1.X.3.3.1.3.1;S*G*IRNB--;BIOLOGICAL
1.X.3.3.1.3.2;S*G*IRNC--;CHEMICAL
1.X.3.3.1.3.3;S*G*IRNN--;NUCLEAR
1.X.3.3.2;S*G*IP----;PROCESSING FACILITY
1.X.3.3.2.1;S*G*IPD---;DECON
1.X.3.3.3;S*G*IE----;EQUIPMENT MANUFACTURE
1.X.3.3.4;S*G*IU----;"SERVICE, RESEARCH, UTILITY FACILITY"
1.X.3.3.4.1;S*G*IUR---;TECHNOLOGICAL RESEARCH FACILITY
1.X.3.3.4.2;S*G*IUT---;TELECOMMUNICATIONS FACILITY
1.X.3.3.4.3;S*G*IUE---;ELECTRIC POWER FACILITY
1.X.3.3.4.4;S*G*IUP---;PUBLIC WATER SERVICES
1.X.3.3.5;S*G*IM----;MILITARY MATERIEL FACILITY
1.X.3.3.5.1;S*G*IMF---;ATOMIC ENERGY PRODUCTION
1.X.3.3.5.2;S*G*IMA---;AIRCRAFT PRODUCTION & ASSEMBLY
1.X.3.3.5.3;S*G*IME---;AMMUNITION AND EXPLOSIVES PRODUCTION
1.X.3.3.5.4;S*G*IMG---;ARMAMENT PRODUCTION
1.X.3.3.5.5;S*G*IMV---;MILITARY VEHICLE PRODUCTION
1.X.3.3.5.6;S*G*IMN---;ENGINEERING EQUIPMENT PRODUCTION
1.X.3.3.5.6.1;S*G*IMNB--;BRIDGE
1.X.3.3.5.7;S*G*IMC---;CHEMICAL & BIOLOGICAL WARFARE PRODUCTION
1.X.3.3.5.8;S*G*IMS---;SHIP CONSTRUCTION
1.X.3.3.5.9;S*G*IMM---;MISSILE & SPACE SYSTEM PRODUCTION
1.X.3.3.6;S*G*IG----;GOVERNMENT LEADERSHIP
1.X.3.3.7;S*G*IB----;MILITARY BASE/FACILITY
1.X.3.3.7.1;S*G*IBA---;AIRPORT/AIRBASE
1.X.3.3.7.2;S*G*IBN---;SEAPORT/NAVAL BASE
1.X.3.3.8;S*G*IT----;TRANSPORT FACILITY
1.X.3.3.9;S*G*IX----;MEDICAL FACILITY
1.X.3.3.9.1;S*G*IXH---;HOSPITAL
1.X.3.4;S*G*IR----;SEA SURFACE INSTALLATION
1.X.3.4.1;S*G*IRR---;SEA SURFACE INSTALLATION
1.X.4;S*S*------;SEA SURFACE TRACK
1.X.4.1;S*S*C-----;COMBATANT
1.X.4.1.1;S*S*CL----;LINE
1.X.4.1.1.1;S*S*CLCV--;CARRIER
1.X.4.1.1.2;S*S*CLBB--;BATTLESHIP
1.X.4.1.1.3;S*S*CLCC--;CRUISER
1.X.4.1.1.4;S*S*CLDD--;DESTROYER
1.X.4.1.1.5;S*S*CLFF--;FRIGATE/CORVETTE
1.X.4.1.2;S*S*CA----;AMPHIBIOUS WARFARE SHIP
1.X.4.1.2.1;S*S*CALA--;ASSAULT VESSEL
1.X.4.1.2.2;S*S*CALS--;LANDING SHIP
1.X.4.1.2.3;S*S*CALC--;LANDING CRAFT
1.X.4.1.3;S*S*CM----;MINE WARFARE VESSEL
1.X.4.1.3.1;S*S*CMML--;MINELAYER
1.X.4.1.3.2;S*S*CMMS--;MINESWEEPER
1.X.4.1.3.3;S*S*CMMH--;MINEHUNTER
1.X.4.1.3.4;S*S*CMMA--;MCM SUPPORT
1.X.4.1.3.5;S*S*CMMD--;MCM DRONE
1.X.4.1.4;S*S*CP----;PATROL
1.X.4.1.4.1;S*S*CPSB--;ANTI SUBMARINE WARFARE
1.X.4.1.4.2;S*S*CPSU--;ANTI SURFACE WARFARE
1.X.4.1.5;S*S*CH----;HOVERCRAFT
1.X.4.1.6;S*S*G-----;NAVY GROUP
1.X.4.1.6.1;S*S*GT----;NAVY TASK FORCE
1.X.4.1.6.2;S*S*GG----;NAVY TASK GROUP
1.X.4.1.6.3;S*S*GU----;NAVY TASK UNIT
1.X.4.1.6.4;S*S*GE----;NAVY TASK ELEMENT
1.X.4.1.6.5;S*S*GC----;CONVOY
1.X.4.2;S*S*N-----;NONCOMBATANT
1.X.4.2.1;S*S*NR----;UNDERWAY REPLENISHMENT
1.X.4.2.1.1;S*S*NRA---;"UNDERWAY REPLENISHMENT, AMMO"
1.X.4.2.1.2;S*S*NRO---;"UNDERWAY REPLENISHMENT, OIL"
1.X.4.2.2;S*S*NFT---;"FLEET SUPPORT, TUG, OCEAN GOING"
1.X.4.2.3;S*S*NI----;INTELLIGENCE
1.X.4.2.4;S*S*NM----;HOSPITAL SHIP
1.X.4.2.5;S*S*NR----;REPAIR SHIP
1.X.4.2.6;S*S*NTS---;SUBMARINE TENDER
1.X.4.2.7;S*S*NH----;HOVERCRAFT
1.X.4.2.8;S*S*NS----;SERVICE & SUPPORT HARBOUR
1.X.4.3;S*S*X-----;NON MILITARY
1.X.4.3.1;S*S*XM----;MERCHANT
1.X.4.3.1.1;S*S*XMC---;CARGO
1.X.4.3.1.2;S*S*XME---;ROLL ON-ROLL OFF
1.X.4.3.1.3;S*S*XMO---;OILER/TANKER
1.X.4.3.1.4;S*S*XMT---;TUG
1.X.4.3.1.5;S*S*XMF---;FERRY
1.X.4.3.1.6;S*S*XMP---;PASSENGER
1.X.4.3.1.7;S*S*XMH---;HAZARDOUS MATERIALS
1.X.4.3.1.8;S*S*XMD---;DREDGE
1.X.4.3.2;S*S*XF----;FISHING
1.X.4.3.2.1;S*S*XFDF--;DRIFTER
1.X.4.3.2.2;S*S*XFDR--;DREDGE
1.X.4.3.2.3;S*S*XFTR--;TRAWLER
1.X.4.3.3;S*S*XR----;LEISURE CRAFT
1.X.4.3.4;S*S*XL----;LAW ENFORCEMENT VESSEL
1.X.4.3.5;S*S*XH----;HOVERCRAFT
1.X.4.4;S*S*O-----;OWN TRACK
1.X.4.5;S*S*E-----;EMERGENCY
1.X.4.5.1;S*S*ED----;DITCHED AIRCRAFT
1.X.4.5.2;S*S*EP----;PERSON IN WATER
1.X.4.5.3;S*S*EV----;DISTRESSED VESSEL
1.X.4.6;S*S*Z-----;HAZARD
1.X.4.6.1;S*S*ZM----;SEA MINELIKE
1.X.4.6.2;S*S*ZN----;NAVIGATIONAL
1.X.4.6.3;S*S*ZI----;ICEBERG
1.X.5;S*U*------;SUBSURFACE TRACK
1.X.5.1;S*U*S-----;SUBMARINE
1.X.5.1.1;S*U*SN----;NUCLEAR PROPULSION
1.X.5.1.2;S*U*SC----;CONVENTIONAL PROPULSION
1.X.5.1.3;S*U*SO----;OTHER SUBMERSIBLE
1.X.5.2;S*U*W-----;UNDERWATER WEAPON
1.X.5.2.1;S*U*WT----;TORPEDO
1.X.5.2.2;S*U*WM----;SEA MINE
1.X.5.2.2.1;S*U*WMD---;SEA MINE DEALT
1.X.5.2.2.2;S*U*WMG---;SEA MINE (GROUND)
1.X.5.2.2.2.1;S*U*WMGD--;SEA MINE (GROUND) DEALT
1.X.5.2.2.3;S*U*WMM---;SEA MINE (MOORED)
1.X.5.2.2.3.1;S*U*WMMD--;SEA MINE (MOORED DEALT
1.X.5.2.2.4;S*U*WMF---;SEA MINE (FLOATING)
1.X.5.2.2.4.1;S*U*WMFD--;SEA MINE (FLOATING) DEALT
1.X.5.2.2.5;S*U*WMO---;SEA MINE (IN OTHER POSITION)
1.X.5.2.2.5.1;S*U*WMOD--;SEA MINE (IN OTHER POSITION) DEALT
1.X.5.2.3;S*U*WV----;DRONE (UUV)
1.X.5.3;S*U*WD----;UNDERWATER DECOY
1.X.5.3.1;S*U*WDM---;SEA MINE DECOY
1.X.5.4;S*U*N-----;NON-SUBMARINE
1.X.5.4.1;S*U*ND----;DIVER
1.X.5.4.2;S*U*NB----;BOTTOM RETURN/NOMBO
1.X.5.4.2.1;S*U*NBS---;SEABED INSTALLATION/MANMADE
1.X.5.4.2.2;S*U*NBR---;"SEABED ROCK/STONE, OBSTACLE, OTHER"
1.X.5.4.2.3;S*U*NBW---;WRECK
1.X.5.4.3;S*U*NM----;MARINE LIFE
1.X.5.4.4;S*U*NA----;SEA ANOMALY
1.X.6;S*F*------;SPECIAL OPERATIONS FORCE (SOF) UNIT
1.X.6.1;S*F*A-----;SOF UNIT AVIATION
1.X.6.1.1;S*F*AF----;SOF UNIT FIXED WING
1.X.6.1.1.1;S*F*AFA---;SOF UNIT ATTACK
1.X.6.1.1.2;S*F*AFK---;SOF UNIT REFUEL
1.X.6.1.1.3;S*F*AFU---;SOF UNIT UTILITY
1.X.6.1.1.3.1;S*F*AFUL--;SOF UNIT UTILITY (LIGHT)
1.X.6.1.1.3.2;S*F*AFUM--;SOF UNIT UTILITY (MEDIUM)
1.X.6.1.1.3.3;S*F*AFUH--;SOF UNIT UTILITY (HEAVY)
1.X.6.1.2;S*F*AV----;SOF UNIT VSTOL
1.X.6.1.3;S*F*AH----;SOF UNIT ROTARY WING
1.X.6.1.3.1;S*F*AHH---;SOF UNIT COMBAT SEARCH AND RESCUE
1.X.6.1.3.2;S*F*AHA---;SOF UNIT ATTACK
1.X.6.1.3.3;S*F*AHU---;SOF UNIT UTILITY
1.X.6.1.3.3.1;S*F*AHUL--;SOF UNIT UTILITY (LIGHT)
1.X.6.1.3.3.2;S*F*AHUM--;SOF UNIT UTILITY (MEDIUM)
1.X.6.1.3.3.3;S*F*AHUH--;SOF UNIT UTILITY (HEAVY)
1.X.6.2;S*F*SN----;SOF UNIT SOF UNIT NAVAL
1.X.6.2.1;S*F*SNS---;SOF UNIT SEAL
1.X.6.2.2;S*F*SNU---;SOF UNIT UNDERWATER DEMOLITION TEAM
1.X.6.2.3;S*F*SNB---;SOF UNIT SPECIAL BOAT
1.X.6.2.4;S*F*SNN---;SOF UNIT SPECIAL SSNR
1.X.6.3;S*F*G-----;SOF UNIT GROUND
1.X.6.3.1;S*F*GS----;SOF UNIT SPECIAL FORCES
1.X.6.3.2;S*F*GSR---;SOF UNIT RANGER
1.X.6.3.3;S*F*GSP---;SOF UNIT PSYCHOLOGICAL OPERATIONS (PSYOPS)
1.X.6.3.3.1;S*F*GSPA--;SOF UNIT FIXED AVIATION
1.X.6.3.4;S*F*GCA---;SOF UNIT CIVIL AFFAIRS
1.X.6.4;S*F*GB----;SOF UNIT SUPPORT
1.X.6.4;G*--*------;TACTICAL GRAPHICS
2.X.1;G*T*------;TASKS
2.X.1.1;G*T*G-----;TASK GRAPHICSMULTIPOINT
2.X.1.1.1;G*T*GB----;BLOCK
2.X.1.1.2;G*T*GH----;BREACH
2.X.1.1.3;G*T*GY----;BYPASS
2.X.1.1.4;G*T*GC----;CANALIZE
2.X.1.1.5;G*T*GX----;CLEAR
2.X.1.1.6;G*T*GJ----;CONTAIN
2.X.1.1.7;G*T*GK----;COUNTERATTACK (CATK)
2.X.1.1.7.1;G*T*GKF---;COUNTERATTACK BY FIRE
2.X.1.1.8;G*T*GL----;DELAY
2.X.1.1.8.1;G*T*GLT---;DELAY (UNTIL A SPECIFIED TIME)
2.X.1.1.9;G*T*GD----;DESTROY
2.X.1.1.10;G*T*GT----;DISRUPT
2.X.1.1.11;G*T*GF----;FIX
2.X.1.1.12;G*T*GA----;FOLLOW AND ASSUME
2.X.1.1.12.1;G*T*GAS---;FOLLOW AND SUPPORT
2.X.1.1.13;G*T*GI----;INTERDICT
2.X.1.1.14;G*T*GE----;ISOLATE
2.X.1.1.15;G*T*GN----;NEUTRALIZE
2.X.1.1.16;G*T*GO----;OCCUPY
2.X.1.1.17;G*T*GP----;PENETRATE
2.X.1.1.18;G*T*GR----;RELIEF IN PLACE (RIP)
2.X.1.1.19;G*T*GQ----;RETAIN
2.X.1.1.20;G*T*GM----;RETIREMENT
2.X.1.1.21;G*T*GS----;SECURE
2.X.1.1.21.1;G*T*GSS---;SECURITY (SCREEN)
2.X.1.1.21.2;G*T*GSG---;SECURITY (GUARD)
2.X.1.1.21.3;G*T*GSC---;SECURITY (COVER)
2.X.1.1.22;G*T*GZ----;SEIZE
2.X.1.1.23;G*T*GW----;WITHDRAW
2.X.1.1.23.1;G*T*GWP---;WITHDRAW UNDER PRESSURE
2.X.2;G*C*------;CONTROL MEASURES
2.X.2.1;G*C*M-----;MANOEUVRE GRAPHICS
2.X.2.1.1;G*C*MG----;GENERAL MANOEUVRE GRAPHICS
2.X.2.1.1.1;G*C*MGP---;POINTS
2.X.2.1.1.1.1;G*C*MGPF--;FIX
2.X.2.1.1.1.1.1;G*C*MGPFE-;ELECTRO-MAGNETIC
2.X.2.1.1.1.1.2;G*C*MGPFA-;ACOUSTIC
2.X.2.1.1.1.1.3;G*C*MGPFO-;ELECTRO-OPTICAL
2.X.2.1.1.1.2;G*C*MGPI--;POINT OF INTEREST
2.X.2.1.1.2;G*C*MGL---;LINES
2.X.2.1.1.2.1;G*C*MGLB--;BOUNDARIES
2.X.2.1.1.2.1.1;G*C*MGLBG-;GENERAL BOUNDARIES
2.X.2.1.1.2.1.1.1;G*C*MGLBGF;FRIENDLY PRESENT
2.X.2.1.1.2.1.1.2;G*C*MGLBGO;FRIENDLY PLANNED OR ON ORDER
2.X.2.1.1.2.1.1.3;G*C*MGLBGK;ENEMY KNOWN
2.X.2.1.1.2.1.1.4;G*C*MGLBGS;ENEMY SUSPECTED OR TEMPLA TED
2.X.2.1.1.2.1.2;G*C*MGLBL-;LATERAL BOUNDARY
2.X.2.1.1.2.1.3;G*C*MGLBF-;FORWARD BOUNDARY
2.X.2.1.1.2.1.4;G*C*MGLBR-;REAR BOUNDARY
2.X.2.1.1.2.2;G*C*MGLF--;FORWARD LINE OF TROOPS (FLOT)
2.X.2.1.1.2.3;G*C*MGLL--;LINE OF CONTACT
2.X.2.1.1.2.4;G*C*MGLP--;PHASE/COORDINATION LINE
2.X.2.1.1.2.5;G*C*MGLE--;BEARING LINE
2.X.2.1.1.2.5.1;G*C*MGLEE-;ELECTRONIC
2.X.2.1.1.2.5.2;G*C*MGLEA-;ACOUSTIC
2.X.2.1.1.2.5.3;G*C*MGLET-;TORPEDO
2.X.2.1.1.2.5.4;G*C*MGLEO-;ELECTRO-OPTICAL INTERCEPT
2.X.2.1.1.3;G*C*MGA---;AREAS
2.X.2.1.1.3.1;G*C*MGAU--;UNSPECIFIED AREA
2.X.2.1.1.3.1.1;G*C*MGAUA-;GENERAL AREA
2.X.2.1.1.3.1.1.1;G*C*MGAUAF;FRIENDLY
2.X.2.1.1.3.1.1.2;G*C*MGAUAP;FRIENDLY PLANNED/ON ORDER
2.X.2.1.1.3.1.1.3;G*C*MGAUAE;ENEMY KNOWN/CONFIRMED
2.X.2.1.1.3.1.1.4;G*C*MGAUAS;ENEMY SUSPECTED/TEMPLATED
2.X.2.1.1.3.1.2;G*C*MGAUB-;ASSEMBLY AREA
2.X.2.1.1.3.1.2.1;G*C*MGAUBO;OCCUPIED
2.X.2.1.1.3.1.2.2;G*C*MGAUBM;OCCUPIED BY MULTIPLE UNITS
2.X.2.1.1.3.1.2.3;G*C*MGAUBR;PROPOSED/ON ORDER
2.X.2.1.1.3.2;G*C*MGAS--;SPECIFIED AREA
2.X.2.1.1.3.2.1;G*C*MGASD-;DROP ZONE (DZ)
2.X.2.1.1.3.2.2;G*C*MGASE-;EXTRACTION ZONE (EZ)
2.X.2.1.1.3.2.3;G*C*MGASL-;LANDING ZONE (LZ)
2.X.2.1.1.3.2.4;G*C*MGASP-;PICKUP ZONE (PZ)
2.X.2.1.1.3.2.5;G*C*MGASS-;SEARCH AREA/RECONNAISSANCE AREA
2.X.2.1.1.3.2.6;G*C*MGASM-;LIMITED ACCESS AREA
2.X.2.1.1.3.2.7;G*C*MGASG-;ENGAGEMENT AREA
2.X.2.1.1.3.2.8;G*C*MGASF-;FORTIFIED AREA
2.X.2.1.1.3.2.9;G*C*MGAST-;STAGING AREA
2.X.2.1.2;G*C*MA----;AVIATION MANOEUVRE GRAPHICS
2.X.2.1.2.1;G*C*MAA---;AVIATION POINTS
2.X.2.1.2.1.1;G*C*MAAP--;AIR CONTROL POINT (ACP)
2.X.2.1.2.1.2;G*C*MAAC--;COMMUNICATIONS CHECKPOINT (CCP)
2.X.2.1.2.1.3;G*C*MAAU--;POP UP POINT (PUP)
2.X.2.1.2.1.4;G*C*MAAD--;DOWNED AIRCREW PICK UP POINT
2.X.2.1.2.2;G*C*MAL---;AVIATION LINES
2.X.2.1.2.2.1;G*C*MALC--;AIR CORRIDOR
2.X.2.1.2.2.2;G*C*MALM--;MINIMUM RISK ROUTE (MRR)
2.X.2.1.2.2.3;G*C*MALS--;STANDARD-USE ARMY AIRCRAFT FLIGHT ROUTE (SAAFR)
2.X.2.1.2.2.4;G*C*MALU--;UNMANNED AERIAL VEHICLE (UAV) ROUTE
2.X.2.1.2.2.5;G*C*MALL--;LOW LEVEL TRANSIT ROUTE (LLTR)
2.X.2.1.2.2.6;G*C*MALIN-;IFF ON LINE
2.X.2.1.2.2.7;G*C*MALIF-;IFF OFF LINE
2.X.2.1.2.3;G*C*MAV---;AVIATION AREAS
2.X.2.1.2.3.1;G*C*MAVR--;RESTRICTED OPERATIONS ZONE (ROZ)
2.X.2.1.2.3.2;G*C*MAVF--;FORWARD AREA AIR DEFENCE ZONE (FAADEZ)
2.X.2.1.2.3.3;G*C*MAVH--;HIGH DENSITY AIRSPACE CONTROL ZONE (HIDACZ)
2.X.2.1.2.3.4;G*C*MAVM--;MISSILE ENGAGEMENT ZONE (MEZ)
2.X.2.1.2.3.4.1;G*C*MAVML-;LOW ALTITUDE MEZ
2.X.2.1.2.3.4.2;G*C*MAVMH-;HIGH ALTITUDE MEZ
2.X.2.1.2.3.5;G*C*MAVW--;WEAPONS FREE ZONE
2.X.2.1.3;G*C*MD----;DECEPTION GRAPHICS
2.X.2.1.3.1;G*C*MDD---;DUMMY (DECEPTION)(DECOY)
2.X.2.1.3.2;G*C*MDA---;AXIS OF ADVANCE FOR FEINT
2.X.2.1.3.3;G*C*MDF---;DIRECTION OF ATTACK FOR FEINT
2.X.2.1.3.4;G*C*MDM---;DECOY MINED AREA
2.X.2.1.3.5;G*C*MDY---;"DECOY MINED AREA, FENCED"
2.X.2.1.3.6;G*C*MDN---;DUMMY MINEFIELD
2.X.2.1.4;G*C*MM----;DEFENCE MANOEUVRE GRAPHIC
2.X.2.1.4.1;G*C*MMP---;DEFENCE POINT GRAPHIC
2.X.2.1.4.1.1;G*C*MMPT--;TARGET REFERENCE POINT (TRP)
2.X.2.1.4.1.2;G*C*MMPB--;BATTLE POSITION
2.X.2.1.4.1.2.1;G*C*MMPB O-;OCCUPIED (BATTALION SIZED UNIT)
2.X.2.1.4.1.2.2;G*C*MMPB P-;PREPARED ""(P)"" BUT NOT OCCUPIED
2.X.2.1.4.1.2.3;G*C*MMPB L-;PLANNED
2.X.2.1.4.1.3;G*C*MMPS--;STRONG POINT (SP)
2.X.2.1.4.1.3.1;G*C*MMPSF-;FRIENDLY
2.X.2.1.4.1.3.2;G*C*MMPSE-;ENEMY KNOWN AND CONFIRMED
2.X.2.1.4.1.4;G*C*MMPO--;OBSERVATION POST/OUTPOST
2.X.2.1.4.1.4.1;G*C*MMPOC-;COMBAT OUTPOST
2.X.2.1.4.1.4.2;G*C*MMPOR-;OBSERVATION POST OCCUPIED BY DISMOUNTED SCOUTS OR RECONNAISSANCE
2.X.2.1.4.1.4.3;G*C*MMPOF-;FORWARD OBSERVER POSITION
2.X.2.1.4.1.4.4;G*C*MMPOS-;SENSOR OUTPOST/LISTENING POST (OP/LP)
2.X.2.1.4.1.4.5;G*C*MMPON-;CBRN OBSERVATION POST (DISMOUNTED)
2.X.2.1.4.1.4.6;G*C*MMPON-;FORWARD AIR CONTROLLER (FAC)
2.X.2.1.4.1.4.7;G*C*MMPON-;TACTICAL AIR CONTROL PARTY (TACP)
2.X.2.1.4.2;G*C*MMD---;DEFENCE LINE GRAPHIC
2.X.2.1.4.2.1;G*C*MMDF--;FORWARD EDGE OF BATTLE AREA (FEBA)
2.X.2.1.4.2.1.1;G*C*MMDFA-;ACTUAL TRACE OF THE FEBA
2.X.2.1.4.2.1.2;G*C*MMDFP-;PROPOSED OR ON ORDER TRACE OF THE FEBA
2.X.2.1.4.2.2;G*C*MMDP--;PRINCIPLE DIRECTION OF FIRE (PDF)
2.X.2.1.4.3;G*C*MMA---;DEFENCE AREA GRAPHIC
2.X.2.1.4.3.1;G*C*MMAE--;ENGAGEMENT AREA (EA)
2.X.2.1.5;G*C*MO----;OFFENCE MANOEUVRE GRAPHICS
2.X.2.1.5.1;G*C*MOP---;OFFENCE POINT GRAPHIC
2.X.2.1.5.1.1;G*C*MOPD--;POINT OF DEPARTURE
2.X.2.1.5.2;G*C*MOL---;OFFENCE LINE GRAPHIC
2.X.2.1.5.2.1;G*C*MOLA--;AXIS OF ADVANCE
2.X.2.1.5.2.1.1;G*C*MOLAF-;FRIENDLY AVIATION
2.X.2.1.5.2.1.2;G*C*MOLAA-;FRIENDLY AIRBORNE
2.X.2.1.5.2.1.3;G*C*MOLAH-;FRIENDLY ATTACK HELICOPTER
2.X.2.1.5.2.1.4;G*C*MOLAS-;FRIENDLY GROUND AXIS OF SUPPORTING ATTACK
2.X.2.1.5.2.1.5;G*C*MOLAM-;FRIENDLY GROUND AXIS OF MAIN ATTACK
2.X.2.1.5.2.1.6;G*C*MOLAO-;FRIENDLY GROUND AXIS ON ORDER WITH DATE AND TIME (IF KNOWN) EFFECTIVE
2.X.2.1.5.2.1.7;G*C*MOLAE-;ENEMY CONFIRMED
2.X.2.1.5.2.1.8;G*C*MOLAT-;ENEMY TEMPLATED
2.X.2.1.5.2.2;G*C*MOLD--;DIRECTION OF ATTACK
2.X.2.1.5.2.2.1;G*C*MOLDF-;FRIENDLY AVIATION
2.X.2.1.5.2.2.2;G*C*MOLDY-;FRIENDLY AVIATION PLANNED OR ON ORDER
2.X.2.1.5.2.2.3;G*C*MOLDE-;ENEMY KNOWN/CONFIRMED A VIA TION
2.X.2.1.5.2.2.4;G*C*MOLDT-;TEMPLATED ENEMY AVIATION
2.X.2.1.5.2.2.5;G*C*MOLDG-;ENEMY CONFIRMED/KNOWN GROUND
2.X.2.1.5.2.2.6;G*C*MOLDR-;TEMPLATED ENEMY GROUND
2.X.2.1.5.2.2.7;G*C*MOLDS-;FRIENDLY DIRECTION OF SUPPORTING ATTACK
2.X.2.1.5.2.2.8;G*C*MOLDM-;FRIENDLY DIRECTION OF MAIN ATTACK
2.X.2.1.5.2.2.9;G*C*MOLDO-;FRIENDLY PLANNED OR ON ORDER
2.X.2.1.5.2.3;G*C*MOLF--;FINAL COORDINATION LINE
2.X.2.1.5.2.4;G*C*MOLI--;INFILTRATION LINE
2.X.2.1.5.2.5;G*C*MOLL--;LIMIT OF ADVANCE
2.X.2.1.5.2.6;G*C*MOLT--;LINE OF DEPARTURE
2.X.2.1.5.2.7;G*C*MOLC--;LINE OF DEPARTURE/LINE OF CONTACT (LD/LC)
2.X.2.1.5.2.8;G*C*MOLP--;PROBABLE LINE OF DEPLOYMENT (PLD)
2.X.2.1.5.2.9;G*C*MOLR--;RAID
2.X.2.1.5.3;G*C*MOO---;OFFENCE AREA GRAPHIC
2.X.2.1.5.3.1;G*C*MOOA--;ASSAULT POSITION
2.X.2.1.5.3.2;G*C*MOOT--;ATTACK POSITION
2.X.2.1.5.3.2.1;G*C*MOOTF-;FRIENDLY ATTACK POSITION
2.X.2.1.5.3.2.2;G*C*MOOTC-;FRIENDLY OCCUPIED (ONLY IF A UNIT MUST STOP IN THE ATTACK POSITION)
2.X.2.1.5.3.2.3;G*C*MOOTP-;"FRIENDLY PLANNED, PROPOSED OR ON ORDER"
2.X.2.1.5.3.3;G*C*MOOP--;ATTACK BY FIRE POSITION
2.X.2.1.5.3.4;G*C*MOOS--;SUPPORT BY FIRE POSITION
2.X.2.1.5.3.5;G*C*MOOJ--;OBJECTIVE
2.X.2.1.5.3.6;G*C*MOOX--;PENETRATION BOX
2.X.2.1.5.3.7;G*C*MOOR--;RAID AREA
2.X.2.1.6;G*C*MS----;SPECIAL MANOEUVRE GRAPHIC
2.X.2.1.6.1;G*C*MSG---;GENERAL
2.X.2.1.6.1.1;G*C*MSGE--;ENCIRCLEMENT
2.X.2.1.6.1.1.1;G*C*MSGEF-;FRIENDLY
2.X.2.1.6.1.1.2;G*C*MSGEY-;ENEMY
2.X.2.1.6.1.2;G*C*MSGA--;AMBUSH
2.X.2.1.6.2;G*C*MSL---;LINE
2.X.2.1.6.2.1;G*C*MSLA--;AIR HEAD
2.X.2.1.6.2.2;G*C*MSLB--;BRIDGEHEAD
2.X.2.1.6.2.3;G*C*MSLH--;HOLDING LINE
2.X.2.1.6.2.4;G*C*MSLR--;RELEASE LINE
2.X.2.1.6.3;G*C*MSA---;AREA
2.X.2.1.6.3.1;G*C*MSAO--;AREA OF OPERATIONS (AO)
2.X.2.1.6.3.2;G*C*MSAN--;NAMED AREA OF INTEREST
2.X.2.1.6.3.3;G*C*MSAT--;TARGETED AREA OF INTEREST
2.X.2.2;G*C*B-----;MOBILITY/ SURVIVABILITY
2.X.2.2.1;G*C*BO----;OBSTACLES
2.X.2.2.1.1;G*C*BOG---;GENERAL
2.X.2.2.1.1.1;G*C*BOGB--;BELT
2.X.2.2.1.1.2;G*C*BOGL--;LINE
2.X.2.2.1.1.3;G*C*BOGZ--;ZONE
2.X.2.2.1.2;G*C*BOA---;ABA TIS
2.X.2.2.1.3;G*C*BOAT--;ANTITANK OBSTACLES
2.X.2.2.1.3.1;G*C*BOATO-;ANTITANK DITCH
2.X.2.2.1.3.2;G*C*BOATM-;ANTITANK DITCH REINFORCED WITH ANTITANK MINES
2.X.2.2.1.3.3;G*C*BOATD-;"ANTITANK OBSTACLES, TETRAHEDRONS, DRAGON'S TEETH AND OTHER SIMILAR OBSTACLES"
2.X.2.2.1.3.4;G*C*BOATW-;ANTITANK WALL
2.X.2.2.1.4;G*C*BOAB--;BOOBY TRAP
2.X.2.2.1.5;G*C*BOAM--;MINES
2.X.2.2.1.5.1;G*C*BOAMA-;ANTIPERSONNEL (AP) MINE
2.X.2.2.1.5.2;G*C*BOAMT-;ANTITANK (AT) MINE
2.X.2.2.1.5.3;G*C*BOAMD-;ANTITANK MINE WITH ANTIHANDLING DEVISE
2.X.2.2.1.5.4;G*C*BOAMC-;ANTITANK MINE (ARROW SHOWS EFFECTS) ""CLAYMORE MINE""
2.X.2.2.1.5.5;G*C*BOAMU-;UNSPECIFIED MINE
2.X.2.2.1.5.6;G*C*BOAMN-;MINE CLUSTER
2.X.2.2.1.5.7;G*C*BOAMW-;WIDE AREA MINES
2.X.2.2.1.6;G*C*BOAI--;MINEFIELDS
2.X.2.2.1.6.1;G*C*BOAIP-;PLANNED MINEFIELD
2.X.2.2.1.6.2;G*C*BOAIC-;COMPLETED MINEFIELD
2.X.2.2.1.6.3;G*C*BOAIL-;ANTIPERSONNEL (AP) MINEFIELD
2.X.2.2.1.6.4;G*C*BOAIG-;ANTITANK (AT) MINEFIELD WITH GAP
2.X.2.2.1.6.5;G*C*BOAIN-;ANTITANK (AT) MINEFIELD
2.X.2.2.1.6.6;G*C*BOAIS-;SCATTERABLE MINES
2.X.2.2.1.6.7;G*C*BOAIH-;ANTIPERSONNEL (AP) MINEFIELD REINFORCED WITH SCATTERABLE WITH SELF-DESTRUCT DATE-TIME-GROUP
2.X.2.2.1.6.8;G*C*BOAID-;SCATTERABLE MINEFIELD WITH SELF-DESTRUCT DATE-TIME-GROUP
2.X.2.2.1.6.9;G*C*BOAIM-;MINED AREA
2.X.2.2.1.7;G*C*BOAV--;EXECUTED VOLCANO MINEFIELD
2.X.2.2.1.8;G*C*BOAE--;OBSTACLE EFFECT
2.X.2.2.1.8.1;G*C*BOAEB-;BLOCK
2.X.2.2.1.8.2;G*C*BOAEF-;FIX
2.X.2.2.1.8.3;G*C*BOAET-;TURN
2.X.2.2.1.8.4;G*C*BOAED-;DISRUPT
2.X.2.2.1.9;G*C*BOAF--;OBSTACLE FREE AREA
2.X.2.2.1.9.1;G*C*BOAFR-;OBSTACLE-RESTRICTED AREA
2.X.2.2.1.10;G*C*BOAU--;UN-EXPLODED ORDNANCE AREA
2.X.2.2.1.11;G*C*BOAR--;"ROAD BLOCKS, CRATERS, AND BLOWN BRIDGES"
2.X.2.2.1.11.1;G*C*BOARP-;ROADBLOCK PLANNED
2.X.2.2.1.11.2;G*C*BOARE-;"ROADBLOCK WITH EXPLOSIVES, STATE OF READINESS 1(SAFE)"
2.X.2.2.1.11.3;G*C*BOARS-;"ROADBLOCK WITH EXPLOSIVES, STATE OF READINESS 2 (ARMED BUT PASSABLE)"
2.X.2.2.1.11.4;G*C*BOARC-;ROADBLOCK COMPLETED (EXECUTED)
2.X.2.2.1.12;G*C*BOAP--;TRIP WIRE
2.X.2.2.1.13;G*C*BOAW--;WIRE OBSTACLES
2.X.2.2.1.13.1;G*C*BOAWU-;UNSPECIFIED
2.X.2.2.1.13.2;G*C*BOAWS-;SINGLE FENCE
2.X.2.2.1.13.3;G*C*BOAWD-;DOUBLE FENCE
2.X.2.2.1.13.4;G*C*BOAWA-;DOUBLE APRON FENCE
2.X.2.2.1.13.5;G*C*BOAWL-;LOW WIRE FENCE
2.X.2.2.1.13.6;G*C*BOAWH-;HIGH WIRE FENCE
2.X.2.2.1.13.7;G*C*BOAWC-;SINGLE CONCERTINA
2.X.2.2.1.13.8;G*C*BOAWB-;DOUBLE STRAND CONCERTINA
2.X.2.2.1.13.9;G*C*BOAWR-;TRIPLE STRAND CONCERTINA
2.X.2.2.2;G*C*BY----;OBSTACLE BYPASS
2.X.2.2.2.1;G*C*BYO---;OBSTACLE BYPASS DIFFICULTY
2.X.2.2.2.1.1;G*C*BYOE--;BYPASS EASY
2.X.2.2.2.1.2;G*C*BYOD--;BYPASS DIFFICULT
2.X.2.2.2.1.3;G*C*BYOI--;BYPASS IMPOSSIBLE
2.X.2.2.2.2;G*C*BYC---;CROSSING SITE/WATER CROSSING
2.X.2.2.2.2.1;G*C*BYCA--;ASSAULT CROSSING AREA
2.X.2.2.2.2.2;G*C*BYCB--;BRIDGE OR GAP
2.X.2.2.2.2.3;G*C*BYCF--;FERRY
2.X.2.2.2.2.4;G*C*BYCE--;FORD/FORD EASY
2.X.2.2.2.2.5;G*C*BYCD--;FORD DIFFICULT
2.X.2.2.2.2.6;G*C*BYCL--;LANE
2.X.2.2.2.2.7;G*C*BYCR--;RAFT SITE
2.X.2.2.2.2.8;G*C*BYCG--;ENGINEER REGULATING POINT
2.X.2.2.3;G*C*BS----;SURVIVABILITY
2.X.2.2.3.1;G*C*BSE---;"EARTHWORK, SMALL TRENCH OR FORTIFICATION"
2.X.2.2.3.2;G*C*BSF---;FORT
2.X.2.2.3.3;G*C*BSL---;FORTIFIED LINE
2.X.2.2.3.4;G*C*BSW---;"FOXHOLE, EMPLACEMENT OR WEAPON SITE"
2.X.2.2.3.5;G*C*BSP---;STRONG POINT
2.X.2.2.3.6;G*C*BSH---;SURFACE SHELTER
2.X.2.2.3.7;G*C*BSU---;UNDERGROUND SHELTER
2.X.2.2.4;G*C*BW----;"NUCLEAR, BIOLOGICAL AND CHEMICAL GRAPHICS"
2.X.2.2.4.1;G*C*BWM---;MINIMUM SAFE DISTANCE ZONES
2.X.2.2.4.2;G*C*BWN---;NUCLEAR DETONATIONS FRIENDLY GROUND ZERO
2.X.2.2.4.3;G*C*BWE---;ENEMY KNOWN GROUND ZERO
2.X.2.2.4.4;G*C*BWI---;ENEMY TEMPLATED
2.X.2.2.4.5;G*C*BWF---;FRIENDLY PLANNED OR ON-ORDER
2.X.2.2.4.6;G*C*BWP---;FALLOUT PRODUCING
2.X.2.2.4.7;G*C*BWA---;RADIOACTIVE AREA
2.X.2.2.4.8;G*C*BWC---;BIOLOGICALLY CONTAMINATED AREA
2.X.2.2.4.9;G*C*BWH---;CHEMICALLY CONTAMINATED AREA
2.X.2.2.4.10;G*C*BWK---;"BIOLOGICAL AND CHEMICAL ATTACK, RELEASE EVENTS"
2.X.2.2.4.11;G*C*BWD---;DECONTAMINATION (DECON) POINTS
2.X.2.2.4.11.1;G*C*BWDP--;DECON SITE/POINT (UNSPECIFIED)
2.X.2.2.4.11.2;G*C*BWDA--;ALTERNATE DECON SITE/POINT (UNSPECIFIED)
2.X.2.2.4.11.3;G*C*BWDT--;DECON SITE/POINT (TROOPS)
2.X.2.2.4.11.4;G*C*BWDE--;DECON SITE/POINT (EQUIPMENT)
2.X.2.2.4.11.5;G*C*BWDS--;DECON SITE/POINT (EQUIPMENT AND TROOPS)
2.X.2.2.4.11.6;G*C*BWDO--;DECON SITE/POINT (OPERATIONAL DECONTAMINATION)
2.X.2.2.4.11.7;G*C*BWDG--;DECON SITE/POINT (THOROUGH DECONTAMINATION)
2.X.2.2.4.11.8;G*C*BWDEM-;DECON POINT (MAIN) EQUIPMENT
2.X.2.2.4.11.9;G*C*BWDTF-;DECON POINT (FORWARD) TROOPS
2.X.2.2.4.12;G*C*BWR---;DOSE RATE CONTOUR LINES
2.X.2.3;G*C*F-----;FIRE SUPPORT GRAPHICS
2.X.2.3.1;G*C*FS----;FIRE SUPPORT POINT
2.X.2.3.1.1;G*C*FST---;TARGET
2.X.2.3.1.1.1;G*C*FSTP--;POINT /SINGLE TARGET
2.X.2.3.1.1.2;G*C*FSTC--;CIRCULAR TARGET
2.X.2.3.1.2;G*C*FSS---;FIRE SUPPORT STATION
2.X.2.3.2;G*C*FL----;FIRE SUPPORT LINES
2.X.2.3.2.1;G*C*FLC---;FIRE SUPPORT COORDINATION LINE (FSCL)
2.X.2.3.2.2;G*C*FLF---;COORDINATION FIRE LINE (CFL)
2.X.2.3.2.3;G*C*FLT---;LINEAR TARGET
2.X.2.3.2.3.1;G*C*FLTP--;FINAL PROTECTIVE FIRE
2.X.2.3.2.4;G*C*FLK---;SMOKE
2.X.2.3.2.4.1;G*C*FLKP--;PLANNED WITH DESIGNATED TIME SHOWN
2.X.2.3.2.4.2;G*C*FLKS--;SMOKE (ACTUALLY IN PLACE)
2.X.2.3.2.4.3;G*C*FLKT--;LINEAR SMOKE TARGET
2.X.2.3.2.5;G*C*FLN---;NO FIRE LINE
2.X.2.3.2.6;G*C*FLR---;RESTRICTED FIRE LINE (RFL)
2.X.2.3.3;G*C*FA----;AREAS
2.X.2.3.3.1;G*C*FAS---;FIRE SUPPORT AREA
2.X.2.3.3.2;G*C*FAC---;AIRSPACE COORDINATION AREA
2.X.2.3.3.3;G*C*FAT---;AREA TARGET
2.X.2.3.3.4;G*C*FAR---;SERIES TARGET
2.X.2.3.3.4.1;G*C*FARS--;SERIES OF TARGETS USING REGULAR TARGETS
2.X.2.3.3.4.2;G*C*FARU--;SERIES OF TARGETS USING RECTANGULAR TARGETS
2.X.2.3.3.5;G*C*FAB---;BOMB AREA
2.X.2.3.3.6;G*C*FAI---;FREE FIRE AREA (FFA)
2.X.2.3.3.7;G*C*FAZ---;GROUP OF TARGETS
2.X.2.3.3.7.1;G*C*FAZT--;GROUP OF TARGETS USING REGULAR TARGETS
2.X.2.3.3.7.2;G*C*FAZU--;GROUP OF TARGETS USING RECTANGULAR TARGETS
2.X.2.3.3.8;G*C*FAN---;NO FIRE AREA
2.X.2.3.3.9;G*C*FAU---;NUCLEAR TARGET
2.X.2.3.3.10;G*C*FAD---;RESTRICTED FIRE AREA (RFA)
2.X.2.3.3.11;G*C*FAP---;POSITION AREA FOR ARTILLERY (PAA)
2.X.2.3.3.12;G*C*FATA--;TARGET ACQUISITION AREA (TAA)
2.X.2.4;G*C*S-----;COMBAT SERVICE SUPPORT
2.X.2.4.1;G*C*SP----;POINTS
2.X.2.4.1.1;G*C*SPA---;AMBULANCE EXCHANGE POINT
2.X.2.4.1.2;G*C*SPC---;CANNIBALIZATION POINT
2.X.2.4.1.3;G*C*SPY---;CASUALTY COLLECTION POINT
2.X.2.4.1.4;G*C*SPT---;CIVILIAN COLLECTION POINT
2.X.2.4.1.5;G*C*SPD---;DETAINEE COLLECTION POINT
2.X.2.4.1.6;G*C*SPE---;ENEMY PRISONER OF WAR (EPW) COLLECTION POINT
2.X.2.4.1.7;G*C*SPL---;LOGISTICS RELEASE POINT (LRP)
2.X.2.4.1.8;G*C*SPM---;MAINTENANCE COLLECTION POINT
2.X.2.4.1.9;G*C*SPR---;"REARM, REFUEL AND RE-SUPPLY POINT"
2.X.2.4.1.10;G*C*SPU---;REFUEL ON THE MOVE (ROM) POINT
2.X.2.4.1.11;G*C*SPO---;TRAFFIC CONTROL POST (TCP)
2.X.2.4.1.12;G*C*SPI---;TRAILER TRANSFER POINT
2.X.2.4.1.13;G*C*SPN---;UNIT MAINTENANCE COLLECTION POINT
2.X.2.4.1.14;G*C*SPQ---;SUPPLY POINTS
2.X.2.4.1.14.1;G*C*SPQT--;GENERAL
2.X.2.4.1.14.2;G*C*SPQA--;CLASS I
2.X.2.4.1.14.3;G*C*SPQB--;CLASS II
2.X.2.4.1.14.4;G*C*SPQC--;CLASS III
2.X.2.4.1.14.5;G*C*SPQD--;CLASS IV
2.X.2.4.1.14.6;G*C*SPQE--;CLASS V
2.X.2.4.1.14.7;G*C*SPQF--;CLASS VI
2.X.2.4.1.14.8;G*C*SPQG--;CLASS VII
2.X.2.4.1.14.9;G*C*SPQH--;CLASS VIII
2.X.2.4.1.14.10;G*C*SPQI--;CLASS IX
2.X.2.4.1.14.11;G*C*SPQJ--;CLASS X
2.X.2.4.1.15;G*C*SPM---;AMMUNITION POINTS
2.X.2.4.1.15.1;G*C*SPMA--;AMMUNITION SUPPLY POINT (ASP)
2.X.2.4.1.15.2;G*C*SPMT--;AMMUNITION TRANSFER POINT (ATP)
2.X.2.4.2;G*C*SL----;LINES
2.X.2.4.2.1;G*C*SLC---;CONVOYS
2.X.2.4.2.1.1;G*C*SLCM--;MOVING CONVOY
2.X.2.4.2.1.2;G*C*SLCH--;HALTED CONVOY
2.X.2.4.2.2;G*C*SLR---;SUPPLY ROUTES
2.X.2.4.2.2.1;G*C*SLRM--;MAIN SUPPLY ROUTE
2.X.2.4.2.2.2;G*C*SLRA--;ALTERNATE SUPPLY ROUTE
2.X.2.4.2.2.3;G*C*SLRO--;ONE-WAY TRAFFIC
2.X.2.4.2.2.4;G*C*SLRT--;ALTERNATING TRAFFIC
2.X.2.4.2.2.5;G*C*SLRW--;TWO-WAY TRAFFIC
2.X.2.4.3;G*C*SA----;AREA
2.X.2.4.3.1;G*C*SAD---;DETAINEE HOLDING AREA
2.X.2.4.3.2;G*C*SAP---;ENEMY PRISONER OF WAR (EPW) HOLDING AREA
2.X.2.4.3.3;G*C*SAR---;FORWARD ARMING AND REFUELLING AREA (FARP)
2.X.2.4.3.4;G*C*SAH---;REFUGEE HOLDING AREA
2.X.2.4.3.5;G*C*SAT---;SUPPORT AREAS
2.X.2.4.3.5.1;G*C*SATB--;BRIGADE (BSA)
2.X.2.4.3.5.2;G*C*SATD--;DIVISION (DSA)
2.X.2.4.3.5.3;G*C*SATR--;REGIMENTAL (RSA)
2.X.2.4.3.6;G*C*SARR--;REST (RA)
2.X.2.5;G*C*O-----;COMMAND AND CONTROL
2.X.2.5.1;G*C*OX----;SPECIAL POINT
2.X.2.5.1.1;G*C*OXE---;REFERENCE POINT
2.X.2.5.1.1.1;G*C*OXRN--;NAV REFERENCE
2.X.2.5.1.1.2;G*C*OXRD--;DLRP
2.X.2.5.1.2;G*C*OXU---;UNDERWATER
2.X.2.5.1.2.1;G*C*OXUD--;DATUM
2.X.2.5.1.2.2;G*C*OXUB--;BRIEF CONTACT
2.X.2.5.1.2.3;G*C*OXUL--;LOST CONTACT
2.X.2.5.1.2.4;G*C*OXUS--;SINKER
2.X.2.5.1.3;G*C*OXW---;WEAPON
2.X.2.5.1.3.1;G*C*OXWA--;AIM POINT
2.X.2.5.1.3.2;G*C*OXWD--;DROP POINT
2.X.2.5.1.3.3;G*C*OXWE--;ENTRY POINT
2.X.2.5.1.3.4;G*C*OXWG--;GROUND ZERO
2.X.2.5.1.3.5;G*C*OXWM--;MSL DETECT POINT
2.X.2.5.1.3.6;G*C*OXWI--;IMPACT POINT
2.X.2.5.1.3.7;G*C*OXWP--;PREDICTED IMPACT POINT
2.X.2.5.1.4;G*C*OXY---;SONOBUOY
2.X.2.5.1.4.1;G*C*OXYP--;PATTERN CENTRE
2.X.2.5.1.4.2;G*C*OXYD--;DIFAR
2.X.2.5.1.4.3;G*C*OXYL--;LOFAR
2.X.2.5.1.4.4;G*C*OXYC--;CASS
2.X.2.5.1.4.5;G*C*OXYS--;DICASS
2.X.2.5.1.4.6;G*C*OXYB--;BT
2.X.2.5.1.4.7;G*C*OXYA--;ANM
2.X.2.5.1.4.8;G*C*OXYV--;VLAD
2.X.2.5.1.4.9;G*C*OXYT--;ATAC
2.X.2.5.1.4.10;G*C*OXYR--;RO
2.X.2.5.1.4.11;G*C*OXYK--;KINGPIN
2.X.2.5.1.5;G*C*OXN---;FORMA TION
2.X.2.5.1.6;G*C*OXH---;HARBOUR
2.X.2.5.1.6.1;G*C*OXHQ--;POINT Q
2.X.2.5.1.6.2;G*C*OXHA--;POINT A
2.X.2.5.1.6.3;G*C*OXHY--;POINT Y
2.X.2.5.1.6.4;G*C*OXHX--;POINT X
2.X.2.5.1.7;G*C*OXR---;ROUTE
2.X.2.5.1.7.1;G*C*OXRR--;RENDEZVOUS
2.X.2.5.1.7.2;G*C*OXRD--;DIVERSIONS
2.X.2.5.1.7.3;G*C*OXRW--;WAYPOINT
2.X.2.5.1.7.4;G*C*OXRP--;PIM
2.X.2.5.1.7.5;G*C*OXRT--;POINT R
2.X.2.5.1.8;G*C*OXST--;STATION
2.X.2.5.1.8.1;G*C*OXSTC-;COMBATANT STATION
2.X.2.5.1.8.1.1;G*C*OXSTCP;PICKET STATION
2.X.2.5.1.8.1.2;G*C*OXSTCA;ASW SHIP STATION
2.X.2.5.1.8.2;G*C*OXSTR-;REPLENISHMENT AT SEA (RAS) STATION
2.X.2.5.1.8.3;G*C*OXSTH-;RESCUE STATION
2.X.2.5.1.8.4;G*C*OXSTS-;SUBMARINE STATION
2.X.2.5.1.8.5;G*C*OXSTSA;ASW SUBMARINE STATION
2.X.2.5.1.9;G*C*OXS---;SEARCH
2.X.2.5.1.9.1;G*C*OXSA--;SEARCH AREA
2.X.2.5.1.9.2;G*C*OXSD--;DIP POSITION
2.X.2.5.1.9.3;G*C*OXSC--;SEARCH CENTRE
2.X.2.5.1.10;G*C*OXA---;AIR CONTROL
2.X.2.5.1.10.1;G*C*OXAC--;COMBAT AIR PATROL (CAP)
2.X.2.5.1.10.2;G*C*OXAA--;AIRBORNE EARLY WARNING (AEW)
2.X.2.5.1.10.3;G*C*OXAT--;TACAN
2.X.2.5.1.10.4;G*C*OXAK--;TANKING
2.X.2.5.1.10.5;G*C*OXAF--;ANTISUBMARINE WARFARE FIXED WING
2.X.2.5.1.10.6;G*C*OXAH--;ANTISUBMARINE WARFARE ROTARY WING
2.X.2.5.1.10.7;G*C*OXAO--;TOMCAT
2.X.2.5.1.10.8;G*C*OXAR--;RESCUE
2.X.2.5.1.10.9;G*C*OXAP--;REPLENISH
2.X.2.5.1.10.10;G*C*OXAM--;MARSHALL
2.X.2.5.1.10.11;G*C*OXAS--;STRIKE IP
2.X.2.5.1.10.12;G*C*OXAD--;CORRIDOR TAB
2.X.2.5.2;G*C*OG----;GENERAL OR UNSPECIFIED COMMAND AND CONTROL POINT
2.X.2.5.2.1;G*C*OGC---;CHECKPOINT
2.X.2.5.2.2;G*C*OGP---;CONTACT POINT
2.X.2.5.2.3;G*C*OGT---;COORDINATION POINT
2.X.2.5.2.4;G*C*OGD---;DECISION POINT
2.X.2.5.2.5;G*C*OGL---;LINKUP POINT
2.X.2.5.2.6;G*C*OGN---;PASSAGE POINT
2.X.2.5.2.7;G*C*OGR---;RALLY POINT
2.X.2.5.2.8;G*C*OGS---;RELEASE POINT
2.X.2.5.2.9;G*C*OGI---;START POINT
2.X.2.5.2.10;G*C*OGW---;WAY POINT
2.X.2.5.3;G*C*OL----;LINE
2.X.2.5.3.1;G*C*OLN---;LIGHT LINE
2.X.2.5.3.2;G*C*OLP---;PHASE LINE
2.X.2.5.4;G*C*OA----;AREA
2.X.2.5.4.1;G*C*OAZ---;AIRFIELD ZONE
2.X.3;G*O*------;NON ARTICLE 5 CRISIS RESPONSE OPERATIONS (NA5CRO)
2.X.3.1;G*O*V-----;VIOLENT ACTIVITIES (DEATH CAUSING)
2.X.3.1.1;G*O*VA----;ARSON/FIRE
2.X.3.1.2;G*O*VR----;ARTILLERY/ARTILLERY FIRE
2.X.3.1.3;G*O*VE----;ASSASSINA TION/MURDER/ EXECUTION
2.X.3.1.4;G*O*VB----;BOMB/BOMBING
2.X.3.1.5;G*O*VY----;BOOBYTRAP
2.X.3.1.6;G*O*VD----;DRIVE-BY SHOOTING
2.X.3.1.7;G*O*VI----;INDIRECT FIRE (UNSPECIFIED TYPE)
2.X.3.1.8;G*O*VM----;MORTAR/MORTAR FIRE
2.X.3.1.9;G*O*VK----;ROCKET/ROCKET FIRE
2.X.3.1.10;G*O*VS----;SNIPING
2.X.3.1.11;G*O*VP----;POISONING
2.X.3.1.12;G*O*VU----;AMBUSH
2.X.3.1.13;G*O*VC----;AMMUNITION CACHE
2.X.3.1.14;G*O*VH----;HELICOPTER (CIVILIAN BEING USED BY HOSTILE OR INSURGENTS
2.X.3.1.15;G*O*VF----;HOSTILE OR INSURGENT MOTORIZED INFANTRY
2.X.3.1.16;G*O*VO----;HOSTILE OR INSURGENT INFANTRY
2.X.3.1.17;G*O*VL----;RECONNAISSANCE/SURVEILLANC E
2.X.3.1.18;G*O*VX----;SIGNAL/RADIO STATION
2.X.3.1.19;G*O*VZ----;SUPPLY CACHE
2.X.3.2;G*O*L-----;LOCATIONS
2.X.3.2.1;G*O*LB----;BLACK LIST LOCATION
2.X.3.2.2;G*O*LG----;GRAY LIST LOCATION
2.X.3.2.3;G*O*LW----;WHITE LIST LOCATION
2.X.3.3;G*O*P-----;OPERATIONS
2.X.3.3.1;G*O*PR----;ROAD BLOCK
2.X.3.3.1.1;G*O*PRB---;ROAD BLOCK (UNDER CONSTRUCTION)
2.X.3.3.2;G*O*PT----;PATROLLING
2.X.3.3.3;G*O*PC----;RECRUITMENT (WILLING)
2.X.3.3.3.1;G*O*PCU---;RECRUITMENT (COERCED/IMPRESSED)
2.X.3.3.4;G*O*PD----;DEMONSTRATION
2.X.3.3.5;G*O*PM----;MINELAYING
2.X.3.3.6;G*O*PH----;PSYCHOLOGICAL OPERATIONS (PSYOP)
2.X.3.3.6.1;G*O*PHY---;PSYOP (TV AND RADIO PROPAGANDA)
2.X.3.3.6.2;G*O*PHW---;PSYOP (WRITTEN PROPAGANDA)
2.X.3.3.6.3;G*O*PHG---;WRITTEN PROPAGANDA
2.X.3.3.6.4;G*O*PHT---;HOUSE-TO-HOUSE PROPAGANDA
2.X.3.3.7;G*O*PG----;FORAGING/SEARCHING
2.X.3.3.8;G*O*PS----;SPY
2.X.3.3.9;G*O*PF----;FOOD DISTRIBUTION
2.X.3.3.10;G*O*PI----;MEDICAL TREATMENT FACILITY
2.X.3.3.11;G*O*PE----;ELECTRONIC WARFARE INTERCEPT
2.X.3.3.12;G*O*PX----;EXTORTION
2.X.3.3.13;G*O*PJ----;HIJACKING
2.X.3.3.13.1;G*O*PJV---;HIJACKING (VEHICLE)
2.X.3.3.13.2;G*O*PJA---;HIJACKING (AIRPLANE)
2.X.3.3.13.3;G*O*PJB---;HIJACKING (BOAT)
2.X.3.3.14;G*O*PK----;KIDNAPPING
2.X.3.3.15;G*O*PA----;ARREST
2.X.3.3.16;G*O*PO----;DRUG OPERATION
2.X.3.4;G*O*I-----;ITEMS
2.X.3.4.1;G*O*IR----;REFUGEES
2.X.3.4.2;G*O*IS----;SAFE HOUSE
2.X.3.4.3;G*O*IG----;GRAFFITI
2.X.3.4.4;G*O*IV----;V ANDALISM/RAPE/LOOT/ RANSACK/PLUNDER/SACK
2.X.3.4.5;G*O*IK----;KNOWN INSURGENT VEHICLE
2.X.3.4.6;G*O*ID----;DRUG VEHICLE
2.X.3.4.7;G*O*IF----;INTERNAL SECURITY FORCE

